1.785265e-05,8.926270e-06,6.765790e-06,5.776026e-06,3.378996e-06,4.222962e-06,2.244247e-06,3.256124e-06,1.530733e-06,2.798981e-06,1.184227e-06,2.515130e-06,9.442799e-07,2.193282e-06,6.552701e-07,1.946023e-06,3.322377e-07,1.744913e-06,1.149469e-07,1.286874e-06,6.420477e-07,1.372440e-06,9.176026e-07,1.539362e-06,1.000412e-06,1.714878e-06,9.347510e-07,1.866250e-06,8.844424e-07,1.944754e-06,7.151474e-07,1.969104e-06,6.320348e-07,1.929300e-06,5.005155e-07,1.840068e-06,5.457389e-07,1.738620e-06,-1.488897e-06,9.055890e-07,-1.482964e-06,1.310146e-06,-1.266502e-06,1.830798e-06,-1.026900e-06,2.005919e-06,-6.516291e-07,2.226223e-06,-3.784919e-07,2.336172e-06,-1.698600e-07,2.244675e-06,1.012479e-07,2.145832e-06,4.062453e-07,2.049541e-06,5.953250e-07,1.637618e-06
-1.745814e-10,8.926434e-06,-6.246990e-07,3.006977e-06,-5.983468e-07,1.736942e-06,-3.951752e-07,1.046626e-06,-3.178451e-07,8.220468e-07,-2.459455e-07,6.594635e-07,-1.941558e-07,5.208477e-07,-1.887266e-07,4.401956e-07,-1.964835e-07,3.805211e-07,-1.897060e-07,2.821439e-07,-1.590295e-07,2.727390e-07,-9.666265e-08,2.684813e-07,-4.217498e-08,2.770231e-07,1.342017e-08,2.893982e-07,5.057194e-08,3.010870e-07,7.355183e-08,3.095862e-07,9.509490e-08,3.101848e-07,1.044568e-07,3.045192e-07,1.358357e-07,2.990396e-07,-3.396110e-07,2.786037e-07,-2.921962e-07,3.885586e-07,-2.049211e-07,5.015420e-07,-1.244118e-07,5.148140e-07,-3.061985e-08,5.304610e-07,2.375892e-08,5.144387e-07,5.501233e-08,4.609289e-07,9.280485e-08,4.152381e-07,1.305872e-07,3.772159e-07,1.472472e-07,2.919592e-07
9.997698e-01,-4.252526e-07,4.138712e-01,1.550733e-01,2.227332e-01,1.392218e-01,1.478092e-01,1.237352e-01,1.035215e-01,1.107111e-01,8.009054e-02,1.039199e-01,6.375313e-02,9.365850e-02,4.726430e-02,8.432825e-02,2.960859e-02,7.640761e-02,1.706058e-02,5.626612e-02,4.486084e-02,6.158458e-02,5.679966e-02,7.117080e-02,5.838583e-02,8.052149e-02,5.159545e-02,8.830543e-02,4.669766e-02,9.204719e-02,3.593014e-02,9.293487e-02,3.006937e-02,9.067231e-02,2.217990e-02,8.599252e-02,2.295524e-02,8.061821e-02,-6.436152e-02,3.511218e-02,-6.668440e-02,5.161035e-02,-5.944966e-02,7.444033e-02,-5.054021e-02,8.350399e-02,-3.477698e-02,9.496500e-02,-2.252624e-02,1.020195e-01,-1.259286e-02,9.989206e-02,4.730573e-04,9.691543e-02,1.543737e-02,9.365224e-02,2.509304e-02,7.535852e-02
-4.252526e-07,9.997834e-01,-6.996310e-02,3.367902e-01,-6.701605e-02,1.945421e-01,-4.426141e-02,1.172249e-01,-3.560046e-02,9.207126e-02,-2.754746e-02,7.386137e-02,-2.174676e-02,5.833598e-02,-2.113854e-02,4.930274e-02,-2.200719e-02,4.261907e-02,-2.124797e-02,3.160066e-02,-1.781241e-02,3.054724e-02,-1.082729e-02,3.007027e-02,-4.724587e-03,3.102688e-02,1.502261e-03,3.241284e-02,5.663353e-03,3.372194e-02,8.237264e-03,3.467383e-02,1.065018e-02,3.474085e-02,1.169884e-02,3.410629e-02,1.521340e-02,3.349256e-02,-3.803697e-02,3.120395e-02,-3.272649e-02,4.351900e-02,-2.295160e-02,5.617323e-02,-1.393448e-02,5.765969e-02,-3.429675e-03,5.941213e-02,2.660813e-03,5.761758e-02,6.161239e-03,5.162441e-02,1.039404e-02,4.650696e-02,1.462569e-02,4.224840e-02,1.649163e-02,3.269957e-02
6.492059e-01,-4.579038e-02,9.998455e-01,1.630313e-05,5.437286e-01,1.402970e-01,3.445997e-01,1.843243e-01,2.382375e-01,1.735059e-01,1.818884e-01,1.706479e-01,1.436560e-01,1.588314e-01,1.090644e-01,1.448385e-01,7.320052e-02,1.324824e-01,4.692595e-02,9.758147e-02,1.016334e-01,1.091763e-01,1.214790e-01,1.291424e-01,1.204685e-01,1.476663e-01,1.024753e-01,1.625484e-01,8.954027e-02,1.691205e-01,6.595482e-02,1.700470e-01,5.240490e-02,1.650530e-01,3.588982e-02,1.556155e-01,3.555772e-02,1.447031e-01,-1.096058e-01,5.257962e-02,-1.181472e-01,7.855481e-02,-1.097466e-01,1.174302e-01,-9.735991e-02,1.351229e-01,-7.165374e-02,1.576154e-01,-5.023549e-02,1.734160e-01,-3.183345e-02,1.729649e-01,-7.398219e-03,1.701113e-01,2.100363e-02,1.660629e-01,3.992944e-02,1.343270e-01
3.113328e-01,4.845609e-01,1.630313e-05,9.998509e-01,-1.203462e-01,5.119225e-01,-8.356859e-02,2.975722e-01,-7.157487e-02,2.296520e-01,-5.577903e-02,1.839433e-01,-4.391590e-02,1.457045e-01,-4.418124e-02,1.235014e-01,-4.810273e-02,1.072757e-01,-4.778668e-02,7.969102e-02,-3.723833e-02,7.792437e-02,-2.053252e-02,7.795704e-02,-7.426263e-03,8.118829e-02,5.195081e-03,8.497931e-02,1.288021e-02,8.796440e-02,1.701653e-02,8.968014e-02,2.099824e-02,8.890288e-02,2.261519e-02,8.635259e-02,3.066662e-02,8.357568e-02,-9.319746e-02,6.937053e-02,-8.446597e-02,9.722245e-02,-6.401641e-02,1.276384e-01,-4.423178e-02,1.329436e-01,-1.949041e-02,1.391181e-01,-4.138455e-03,1.372651e-01,5.584916e-03,1.248594e-01,1.733458e-02,1.137591e-01,2.943966e-02,1.042293e-01,3.556570e-02,8.088777e-02
4.796328e-01,-6.287404e-02,7.476704e-01,-1.230983e-01,9.998785e-01,2.137395e-05,6.083333e-01,1.853966e-01,4.092938e-01,1.945393e-01,3.059959e-01,2.073295e-01,2.385306e-01,2.023728e-01,1.834113e-01,1.875591e-01,1.283490e-01,1.735159e-01,8.708765e-02,1.279891e-01,1.679883e-01,1.467938e-01,1.920203e-01,1.778846e-01,1.845663e-01,2.053520e-01,1.516752e-01,2.265377e-01,1.283239e-01,2.349498e-01,9.064748e-02,2.350539e-01,6.838201e-02,2.268724e-01,4.304602e-02,2.126234e-01,4.044989e-02,1.961238e-01,-1.409919e-01,5.870696e-02,-1.577413e-01,8.926001e-02,-1.521235e-01,1.389329e-01,-1.401339e-01,1.643106e-01,-1.089539e-01,1.969605e-01,-8.095877e-02,2.223010e-01,-5.545690e-02,2.260596e-01,-2.111825e-02,2.254860e-01,1.942422e-02,2.224051e-01,4.720409e-02,1.808209e-01
3.290973e-01,3.171644e-01,2.276191e-01,5.545488e-01,2.137395e-05,9.998712e-01,-5.404258e-02,5.588259e-01,-8.514998e-02,4.125405e-01,-7.242361e-02,3.263506e-01,-5.774255e-02,2.579730e-01,-6.156867e-02,2.183455e-01,-7.161050e-02,1.902121e-01,-7.392163e-02,1.414189e-01,-5.128513e-02,1.398425e-01,-2.329511e-02,1.422218e-01,-4.500645e-03,1.494406e-01,1.184052e-02,1.565894e-01,1.997536e-02,1.611117e-01,2.275814e-02,1.627032e-01,2.576865e-02,1.594353e-01,2.664851e-02,1.530689e-01,3.925847e-02,1.457793e-01,-1.584212e-01,1.046217e-01,-1.517424e-01,1.474653e-01,-1.238734e-01,1.979619e-01,-9.495597e-02,2.101270e-01,-5.503397e-02,2.243414e-01,-2.819902e-02,2.262938e-01,-9.430566e-03,2.097678e-01,1.335167e-02,1.937936e-01,3.750479e-02,1.793993e-01,5.108700e-02,1.396819e-01
4.062100e-01,-3.968752e-02,6.031748e-01,-9.070468e-02,7.806267e-01,-5.068007e-02,9.998959e-01,2.266518e-05,6.512269e-01,1.400828e-01,4.675805e-01,2.039631e-01,3.537405e-01,2.234006e-01,2.723805e-01,2.133409e-01,1.958344e-01,2.006320e-01,1.377012e-01,1.486976e-01,2.434859e-01,1.759930e-01,2.668731e-01,2.189784e-01,2.484559e-01,2.548331e-01,1.970935e-01,2.810493e-01,1.615759e-01,2.899553e-01,1.094315e-01,2.882253e-01,7.832037e-02,2.764349e-01,4.466829e-02,2.574730e-01,3.924745e-02,2.356112e-01,-1.609603e-01,5.756946e-02,-1.862646e-01,8.917280e-02,-1.857183e-01,1.451128e-01,-1.768412e-01,1.765576e-01,-1.439501e-01,2.177202e-01,-1.119568e-01,2.523447e-01,-8.100597e-02,2.617971e-01,-3.849101e-02,2.649520e-01,1.259440e-02,2.640923e-01,4.846923e-02,2.157774e-01
3.657477e-01,2.378198e-01,3.615034e-01,3.809810e-01,2.740232e-01,6.479272e-01,2.266518e-05,9.998968e-01,-1.058647e-01,6.491309e-01,-9.167656e-02,4.919046e-01,-6.938456e-02,3.815039e-01,-7.590365e-02,3.206708e-01,-9.269365e-02,2.793902e-01,-9.841332e-02,2.075155e-01,-6.068340e-02,2.064291e-01,-2.053085e-02,2.122007e-01,2.929729e-03,2.244034e-01,2.080278e-02,2.354497e-01,2.697248e-02,2.413578e-01,2.618921e-02,2.422126e-01,2.628918e-02,2.354703e-01,2.537459e-02,2.242210e-01,4.199042e-02,2.110778e-01,-2.242090e-01,1.342279e-01,-2.233479e-01,1.900604e-01,-1.913559e-01,2.601469e-01,-1.556756e-01,2.806612e-01,-1.016135e-01,3.048518e-01,-6.289032e-02,3.132568e-01,-3.388859e-02,2.948910e-01,1.495557e-03,2.754839e-01,3.968963e-02,2.571014e-01,6.243944e-02,2.007281e-01
3.724174e-01,-2.076244e-02,5.319361e-01,-6.240029e-02,6.640600e-01,-6.192847e-02,8.330013e-01,-8.065765e-02,9.999077e-01,2.727394e-05,6.796391e-01,1.524952e-01,4.946669e-01,2.204045e-01,3.782253e-01,2.226871e-01,2.765190e-01,2.148547e-01,1.989256e-01,1.609359e-01,3.274789e-01,1.984162e-01,3.441791e-01,2.541026e-01,3.096352e-01,2.974806e-01,2.365177e-01,3.270241e-01,1.879166e-01,3.348124e-01,1.219756e-01,3.301914e-01,8.288967e-02,3.144896e-01,4.217311e-02,2.911161e-01,3.404953e-02,2.644331e-01,-1.727766e-01,5.338311e-02,-2.055097e-01,8.412783e-02,-2.105103e-01,1.430096e-01,-2.059571e-01,1.785383e-01,-1.739456e-01,2.259763e-01,-1.402183e-01,2.685326e-01,-1.056036e-01,2.839056e-01,-5.682819e-02,2.913314e-01,2.914398e-03,2.932940e-01,4.575005e-02,2.406945e-01
3.873085e-01,2.107956e-01,4.078551e-01,3.225346e-01,3.574549e-01,5.132240e-01,2.452293e-01,6.687106e-01,2.727394e-05,9.999079e-01,-7.312466e-02,6.976535e-01,-6.148024e-02,5.306761e-01,-7.744237e-02,4.406944e-01,-1.052919e-01,3.829641e-01,-1.174265e-01,2.841751e-01,-5.861939e-02,2.848602e-01,-7.504647e-03,2.964026e-01,1.584085e-02,3.147546e-01,2.961621e-02,3.292979e-01,2.920250e-02,3.349021e-01,2.162796e-02,3.328904e-01,1.624883e-02,3.203495e-01,1.265600e-02,3.021467e-01,3.291733e-02,2.807565e-01,-2.912559e-01,1.561585e-01,-3.015858e-01,2.218767e-01,-2.705161e-01,3.102509e-01,-2.322126e-01,3.406042e-01,-1.664840e-01,3.770971e-01,-1.159910e-01,3.958743e-01,-7.529856e-02,3.794126e-01,-2.491610e-02,3.590720e-01,3.067573e-02,3.382316e-01,6.552594e-02,2.647687e-01
3.592962e-01,-7.163541e-03,5.002536e-01,-4.041037e-02,6.084236e-01,-4.341549e-02,7.345115e-01,-6.123519e-02,8.552434e-01,-6.810120e-02,9.999172e-01,2.692339e-05,6.881785e-01,1.759257e-01,5.135507e-01,2.109539e-01,3.770981e-01,2.147635e-01,2.745382e-01,1.653658e-01,4.204241e-01,2.164479e-01,4.204268e-01,2.856063e-01,3.633984e-01,3.345907e-01,2.661112e-01,3.647968e-01,2.051219e-01,3.694886e-01,1.275662e-01,3.609825e-01,8.244070e-02,3.413006e-01,3.666644e-02,3.140903e-01,2.655776e-02,2.834412e-01,-1.789713e-01,4.856287e-02,-2.173686e-01,7.766235e-02,-2.272597e-01,1.373112e-01,-2.270326e-01,1.751262e-01,-1.972601e-01,2.265334e-01,-1.634699e-01,2.749890e-01,-1.268526e-01,2.955046e-01,-7.380361e-02,3.069178e-01,-7.562247e-03,3.116708e-01,4.073279e-02,2.566603e-01
4.207635e-01,1.982889e-01,4.609531e-01,2.947859e-01,4.329027e-01,4.558237e-01,3.736760e-01,5.566457e-01,2.261715e-01,7.292477e-01,2.692339e-05,9.999201e-01,-2.649246e-02,7.111489e-01,-6.504817e-02,5.775311e-01,-1.099236e-01,4.976806e-01,-1.312163e-01,3.687368e-01,-4.663449e-02,3.721149e-01,1.253500e-02,3.908643e-01,3.020028e-02,4.151807e-01,3.467834e-02,4.315232e-01,2.440353e-02,4.343884e-01,8.548808e-03,4.272292e-01,-3.262099e-03,4.070008e-01,-9.338738e-03,3.805114e-01,1.456477e-02,3.494916e-01,-3.561033e-01,1.727982e-01,-3.802184e-01,2.459258e-01,-3.532078e-01,3.504861e-01,-3.153747e-01,3.905769e-01,-2.407778e-01,4.397273e-01,-1.797718e-01,4.707071e-01,-1.273632e-01,4.586162e-01,-6.123294e-02,4.392153e-01,1.326527e-02,4.171723e-01,6.172651e-02,3.271876e-01
3.547987e-01,1.978992e-03,4.862493e-01,-2.525666e-02,5.813812e-01,-2.432131e-02,6.821957e-01,-3.349380e-02,7.693800e-01,-4.472179e-02,8.686276e-01,-1.353602e-02,9.999260e-01,2.513622e-05,7.018450e-01,1.586946e-01,5.105543e-01,1.932511e-01,3.719478e-01,1.606579e-01,5.213430e-01,2.323791e-01,4.902913e-01,3.152551e-01,4.047029e-01,3.666749e-01,2.830178e-01,3.942777e-01,2.124235e-01,3.940848e-01,1.267381e-01,3.811780e-01,7.810800e-02,3.578524e-01,2.959125e-02,3.276502e-01,1.849123e-02,2.940983e-01,-1.816469e-01,4.441980e-02,-2.238697e-01,7.182536e-02,-2.374424e-01,1.310855e-01,-2.407570e-01,1.698786e-01,-2.134927e-01,2.233500e-01,-1.805306e-01,2.755676e-01,-1.431515e-01,2.998627e-01,-8.760180e-02,3.143806e-01,-1.704603e-02,3.213845e-01,3.503166e-02,2.652545e-01
4.605770e-01,1.921099e-01,5.192720e-01,2.793790e-01,5.086867e-01,4.271066e-01,4.795898e-01,5.052378e-01,3.806794e-01,6.304697e-01,2.605518e-01,7.815072e-01,2.513622e-05,9.999338e-01,-4.769420e-02,7.448685e-01,-1.126081e-01,6.276984e-01,-1.434610e-01,4.623180e-01,-2.479231e-02,4.675324e-01,3.859329e-02,4.949047e-01,4.390612e-02,5.244389e-01,3.380965e-02,5.401041e-01,1.119676e-02,5.373089e-01,-1.330189e-02,5.226308e-01,-3.143432e-02,4.930714e-01,-3.910611e-02,4.573495e-01,-1.115251e-02,4.158438e-01,-4.189070e-01,1.862545e-01,-4.580875e-01,2.651408e-01,-4.369608e-01,3.841481e-01,-4.016043e-01,4.334419e-01,-3.203151e-01,4.948721e-01,-2.501262e-01,5.387235e-01,-1.864493e-01,5.324363e-01,-1.044855e-01,5.151811e-01,-1.039524e-02,4.927786e-01,5.248195e-02,3.869168e-01
3.538119e-01,6.971355e-03,4.809804e-01,-1.693076e-02,5.699504e-01,-1.268168e-02,6.593053e-01,-1.700795e-02,7.303373e-01,-2.675120e-02,8.051093e-01,-5.831785e-03,8.892620e-01,2.592140e-03,9.999317e-01,2.631735e-05,7.077706e-01,1.283320e-01,5.082820e-01,1.412651e-01,6.233488e-01,2.500123e-01,5.449655e-01,3.439341e-01,4.275269e-01,3.928528e-01,2.850766e-01,4.143134e-01,2.102720e-01,4.081697e-01,1.211892e-01,3.912091e-01,7.188748e-02,3.651697e-01,2.294149e-02,3.331471e-01,1.186663e-02,2.979619e-01,-1.823179e-01,4.178764e-02,-2.265576e-01,6.798998e-02,-2.422616e-01,1.265429e-01,-2.477627e-01,1.655147e-01,-2.223676e-01,2.196574e-01,-1.903619e-01,2.736192e-01,-1.529712e-01,2.999723e-01,-9.640131e-02,3.162615e-01,-2.369340e-02,3.245646e-01,3.035665e-02,2.681058e-01
5.045554e-01,1.912679e-01,5.797035e-01,2.739912e-01,5.813968e-01,4.173634e-01,5.669111e-01,4.880818e-01,4.872338e-01,5.936944e-01,4.056210e-01,7.077891e-01,2.881877e-01,7.970940e-01,2.631735e-05,9.999430e-01,-1.053967e-01,7.910993e-01,-1.497869e-01,5.759102e-01,1.711395e-02,5.816813e-01,6.083065e-02,6.197906e-01,4.157683e-02,6.479890e-01,1.329360e-02,6.553862e-01,-1.996872e-02,6.413669e-01,-4.982262e-02,6.158728e-01,-7.195894e-02,5.752180e-01,-7.850631e-02,5.296172e-01,-4.515873e-02,4.771440e-01,-4.795356e-01,1.971239e-01,-5.345909e-01,2.803289e-01,-5.206961e-01,4.120362e-01,-4.893790e-01,4.697703e-01,-4.033383e-01,5.426121e-01,-3.253655e-01,5.992467e-01,-2.511583e-01,5.995169e-01,-1.537863e-01,5.850623e-01,-4.010799e-02,5.626918e-01,3.738411e-02,4.417133e-01
3.540520e-01,9.040450e-03,4.797814e-01,-1.339922e-02,5.664706e-01,-7.296151e-03,6.513357e-01,-9.083024e-03,7.154569e-01,-1.684441e-02,7.790710e-01,1.434007e-03,8.455584e-01,5.011078e-03,9.428274e-01,-2.808810e-02,9.999374e-01,2.777499e-05,7.000517e-01,9.860592e-02,7.178443e-01,2.667566e-01,5.763929e-01,3.675571e-01,4.340449e-01,4.096441e-01,2.774262e-01,4.243106e-01,2.039700e-01,4.132565e-01,1.151952e-01,3.937883e-01,6.689034e-02,3.664040e-01,1.874307e-02,3.337146e-01,8.147165e-03,2.979826e-01,-1.821784e-01,4.063655e-02,-2.271204e-01,6.626327e-02,-2.436510e-01,1.243181e-01,-2.500423e-01,1.631918e-01,-2.255306e-01,2.173421e-01,-1.940792e-01,2.717393e-01,-1.568587e-01,2.987724e-01,-1.001122e-01,3.156480e-01,-2.681434e-02,3.243502e-01,2.780576e-02,2.678951e-01
5.523820e-01,1.915037e-01,6.451401e-01,2.710422e-01,6.592828e-01,4.143811e-01,6.572222e-01,4.837194e-01,5.890126e-01,5.828436e-01,5.238600e-01,6.850623e-01,4.428928e-01,7.418480e-01,2.843694e-01,8.235481e-01,2.777499e-05,9.999503e-01,-1.151620e-01,7.303454e-01,4.312027e-02,7.494229e-01,4.784184e-02,7.760983e-01,-4.044251e-04,7.845939e-01,-4.040969e-02,7.710638e-01,-7.452617e-02,7.396570e-01,-1.015751e-01,7.010827e-01,-1.232103e-01,6.487926e-01,-1.245814e-01,5.937663e-01,-8.396726e-02,5.308797e-01,-5.379118e-01,2.072986e-01,-6.083668e-01,2.942553e-01,-6.016482e-01,4.374950e-01,-5.745042e-01,5.028221e-01,-4.844231e-01,5.857932e-01,-3.994778e-01,6.539714e-01,-3.155280e-01,6.601675e-01,-2.038380e-01,6.479596e-01,-7.191765e-02,6.250770e-01,1.911263e-02,4.897717e-01
3.542030e-01,9.453591e-03,4.797004e-01,-1.268425e-02,5.659825e-01,-6.136537e-03,6.500308e-01,-7.364896e-03,7.128083e-01,-1.449190e-02,7.741131e-01,3.935103e-03,8.362550e-01,8.049052e-03,9.258548e-01,-2.532925e-02,9.835249e-01,-2.660733e-02,9.999431e-01,2.697273e-05,7.775843e-01,2.627055e-01,5.888325e-01,3.749411e-01,4.357777e-01,4.146519e-01,2.737760e-01,4.268679e-01,2.015059e-01,4.141673e-01,1.131675e-01,3.939983e-01,6.537278e-02,3.662939e-01,1.760309e-02,3.334916e-01,7.206153e-03,2.976780e-01,-1.820785e-01,4.039564e-02,-2.271380e-01,6.589376e-02,-2.438238e-01,1.238131e-01,-2.503893e-01,1.626372e-01,-2.260720e-01,2.167404e-01,-1.947579e-01,2.711713e-01,-1.576011e-01,2.983065e-01,-1.008636e-01,3.152676e-01,-2.750647e-02,3.240165e-01,2.717704e-02,2.675836e-01
6.015772e-01,1.902670e-01,7.137396e-01,2.658075e-01,7.424967e-01,4.090277e-01,7.563300e-01,4.766764e-01,7.034215e-01,5.716782e-01,6.583840e-01,6.711277e-01,6.095631e-01,7.158498e-01,5.198021e-01,7.588994e-01,3.315549e-01,8.768746e-01,2.697273e-05,9.999626e-01,-5.972027e-02,1.004005e+00,-3.036647e-02,9.512796e-01,-7.544692e-02,9.192790e-01,-1.143777e-01,8.796008e-01,-1.394545e-01,8.298222e-01,-1.577361e-01,7.790200e-01,-1.763565e-01,7.161045e-01,-1.705440e-01,6.526701e-01,-1.218720e-01,5.802862e-01,-5.953635e-01,2.182875e-01,-6.802906e-01,3.092974e-01,-6.798870e-01,4.640009e-01,-6.560650e-01,5.366116e-01,-5.613721e-01,6.290520e-01,-4.692644e-01,7.076673e-01,-3.757648e-01,7.187200e-01,-2.504909e-01,7.077792e-01,-1.016882e-01,6.835577e-01,1.644925e-03,5.342581e-01
1.094504e-05,-4.677967e-06,8.949052e-06,-1.608485e-06,6.758591e-06,5.659025e-07,5.106625e-06,1.290558e-06,3.905303e-06,1.528851e-06,3.103639e-06,1.737181e-06,2.495480e-06,1.751864e-06,1.964656e-06,1.651176e-06,1.422070e-06,1.535001e-06,1.009126e-06,1.117827e-06,1.844215e-06,1.305928e-06,2.112650e-06,1.619728e-06,2.081386e-06,1.901582e-06,1.769485e-06,2.134884e-06,1.569665e-06,2.246297e-06,1.186158e-06,2.276717e-06,9.731108e-07,2.226327e-06,6.907372e-07,2.107922e-06,6.430180e-07,1.972270e-06,-1.315783e-06,6.553925e-07,-1.409422e-06,9.993232e-07,-1.296175e-06,1.511670e-06,-1.136544e-06,1.752006e-06,-8.089275e-07,2.062668e-06,-5.376966e-07,2.284161e-06,-3.063993e-07,2.292062e-06,9.159809e-09,2.272453e-06,3.802175e-07,2.237168e-06,6.281057e-07,1.828038e-06
-6.110387e-06,8.803373e-06,-3.618401e-06,3.823003e-06,-1.982399e-06,2.147262e-06,-1.131587e-06,1.130745e-06,-7.624905e-07,8.599402e-07,-5.456966e-07,6.484289e-07,-4.107587e-07,4.801704e-07,-3.558458e-07,3.915792e-07,-3.214420e-07,3.253124e-07,-2.799739e-07,2.357395e-07,-2.874394e-07,2.076398e-07,-2.075104e-07,1.786534e-07,-1.086830e-07,1.715712e-07,1.362763e-09,1.799780e-07,8.557431e-08,1.996647e-07,1.451583e-07,2.225188e-07,1.975047e-07,2.420141e-07,2.191614e-07,2.547994e-07,2.566280e-07,2.719021e-07,-3.257003e-07,3.752150e-07,-2.142617e-07,5.216890e-07,-7.267979e-08,6.471314e-07,4.628202e-08,6.393861e-07,1.585904e-07,6.288060e-07,2.082946e-07,5.734355e-07,2.218725e-07,4.835578e-07,2.365916e-07,4.145769e-07,2.440944e-07,3.620014e-07,2.337012e-07,2.774198e-07
2.889943e-01,5.405766e-02,2.371579e-01,-1.522760e-02,1.811544e-01,2.212265e-02,1.402894e-01,3.487661e-02,1.087155e-01,4.074268e-02,8.705695e-02,4.648706e-02,7.032982e-02,4.709988e-02,5.562567e-02,4.453190e-02,4.053042e-02,4.149178e-02,2.897715e-02,3.016981e-02,5.229535e-02,3.545149e-02,5.968658e-02,4.425282e-02,5.869261e-02,5.214814e-02,4.975687e-02,5.869501e-02,4.396460e-02,6.182493e-02,3.303243e-02,6.267547e-02,2.686547e-02,6.126282e-02,1.882484e-02,5.794639e-02,1.729714e-02,5.412480e-02,-3.539933e-02,1.663145e-02,-3.852938e-02,2.569842e-02,-3.591581e-02,3.963093e-02,-3.185366e-02,4.649284e-02,-2.304373e-02,5.529767e-02,-1.558905e-02,6.172553e-02,-9.149099e-03,6.228006e-02,-3.893656e-04,6.198052e-02,9.922692e-03,6.118625e-02,1.686023e-02,5.007997e-02
9.814369e-02,4.918179e-01,-6.076998e-02,2.977964e-01,-6.004207e-02,1.931066e-01,-4.361937e-02,1.236587e-01,-3.680493e-02,9.818582e-02,-2.911760e-02,7.916434e-02,-2.328499e-02,6.271750e-02,-2.275254e-02,5.302784e-02,-2.371532e-02,4.583865e-02,-2.290424e-02,3.400233e-02,-1.926739e-02,3.287307e-02,-1.182925e-02,3.234571e-02,-5.306748e-03,3.333669e-02,1.414479e-03,3.477715e-02,5.958423e-03,3.614751e-02,8.826320e-03,3.715569e-02,1.152678e-02,3.723805e-02,1.273329e-02,3.658294e-02,1.656802e-02,3.596839e-02,-4.099666e-02,3.408346e-02,-3.501204e-02,4.745086e-02,-2.430681e-02,6.105262e-02,-1.451546e-02,6.250646e-02,-3.205265e-03,6.425556e-02,3.291499e-03,6.218366e-02,6.984667e-03,5.562485e-02,1.147301e-02,5.005450e-02,1.595731e-02,4.543187e-02,1.790426e-02,3.514714e-02
3.551035e-01,2.383557e-02,4.359806e-01,5.131813e-03,3.546611e-01,3.291407e-02,2.859384e-01,4.873486e-02,2.251793e-01,6.480317e-02,1.809073e-01,7.999535e-02,1.461873e-01,8.424368e-02,1.163082e-01,8.090509e-02,8.589538e-02,7.611791e-02,6.234423e-02,5.532744e-02,1.086418e-01,6.625007e-02,1.220419e-01,8.414883e-02,1.186143e-01,9.991297e-02,9.923253e-02,1.128031e-01,8.657920e-02,1.187708e-01,6.403257e-02,1.201902e-01,5.111152e-02,1.172042e-01,3.482275e-02,1.105429e-01,3.119052e-02,1.028495e-01,-6.482280e-02,2.794517e-02,-7.219245e-02,4.383118e-02,-6.883708e-02,6.944603e-02,-6.243539e-02,8.291336e-02,-4.669592e-02,1.002893e-01,-3.280535e-02,1.136153e-01,-2.042353e-02,1.158994e-01,-3.473027e-03,1.162707e-01,1.664060e-02,1.154651e-01,3.037891e-02,9.481648e-02
2.378709e-01,3.903458e-01,5.427065e-02,5.946407e-01,-4.876078e-02,4.363118e-01,-6.025216e-02,2.963107e-01,-6.244427e-02,2.343959e-01,-5.205289e-02,1.899873e-01,-4.245772e-02,1.516865e-01,-4.381496e-02,1.288026e-01,-4.850926e-02,1.120118e-01,-4.862419e-02,8.331090e-02,-3.736992e-02,8.171438e-02,-2.046881e-02,8.200137e-02,-7.514334e-03,8.542286e-02,5.002556e-03,8.925508e-02,1.260583e-02,9.215073e-02,1.672085e-02,9.371867e-02,2.074331e-02,9.271449e-02,2.245864e-02,8.991745e-02,3.085931e-02,8.687657e-02,-9.696319e-02,7.177031e-02,-8.813553e-02,1.005164e-01,-6.715677e-02,1.319545e-01,-4.686714e-02,1.374456e-01,-2.137565e-02,1.438925e-01,-5.501369e-03,1.421351e-01,4.640178e-03,1.294527e-01,1.695688e-02,1.180682e-01,2.971692e-02,1.082608e-01,3.625257e-02,8.401230e-02
3.562787e-01,2.022587e-02,4.592532e-01,3.082753e-02,4.982584e-01,1.480434e-02,4.387133e-01,2.068208e-02,3.555650e-01,6.029128e-02,2.864699e-01,9.339844e-02,2.309314e-01,1.069882e-01,1.846515e-01,1.059147e-01,1.383084e-01,1.013773e-01,1.019498e-01,7.377697e-02,1.705694e-01,9.096088e-02,1.877095e-01,1.184126e-01,1.795980e-01,1.419507e-01,1.476542e-01,1.607819e-01,1.268103e-01,1.690788e-01,9.197044e-02,1.706250e-01,7.177581e-02,1.658474e-01,4.720057e-02,1.558491e-01,4.088290e-02,1.443076e-01,-8.690501e-02,3.354357e-02,-9.937231e-02,5.363414e-02,-9.723710e-02,8.800250e-02,-9.047968e-02,1.073937e-01,-7.019721e-02,1.326806e-01,-5.130868e-02,1.531481e-01,-3.379495e-02,1.584028e-01,-9.546157e-03,1.605340e-01,1.954980e-02,1.606256e-01,3.977710e-02,1.324396e-01
3.243770e-01,2.951527e-01,2.510496e-01,4.866174e-01,4.779259e-02,6.905765e-01,-6.017760e-02,5.138738e-01,-8.336539e-02,3.991166e-01,-7.177180e-02,3.205651e-01,-5.828894e-02,2.551583e-01,-6.233201e-02,2.164761e-01,-7.221692e-02,1.886523e-01,-7.433272e-02,1.403273e-01,-5.244745e-02,1.386759e-01,-2.467691e-02,1.407938e-01,-5.626851e-03,1.477635e-01,1.126135e-02,1.547774e-01,1.999995e-02,1.593375e-01,2.333586e-02,1.610822e-01,2.683121e-02,1.580603e-01,2.797542e-02,1.519606e-01,4.072360e-02,1.450062e-01,-1.582807e-01,1.060334e-01,-1.506608e-01,1.493779e-01,-1.219674e-01,1.999973e-01,-9.245747e-02,2.117901e-01,-5.227517e-02,2.255205e-01,-2.554145e-02,2.268111e-01,-7.069966e-03,2.097150e-01,1.532002e-02,1.933804e-01,3.897500e-02,1.787670e-01,5.212941e-02,1.391194e-01
3.371195e-01,7.099501e-03,4.546601e-01,-3.410105e-03,5.271350e-01,5.671016e-03,5.628320e-01,2.402901e-02,4.824016e-01,4.359926e-02,3.972822e-01,9.063045e-02,3.229349e-01,1.150797e-01,2.602594e-01,1.189237e-01,1.977151e-01,1.168153e-01,1.478153e-01,8.519364e-02,2.380468e-01,1.092518e-01,2.565602e-01,1.467700e-01,2.413164e-01,1.780305e-01,1.945812e-01,2.023713e-01,1.642456e-01,2.124263e-01,1.166246e-01,2.136117e-01,8.891597e-02,2.068375e-01,5.627101e-02,1.935764e-01,4.689544e-02,1.783391e-01,-1.023503e-01,3.527493e-02,-1.198877e-01,5.746548e-02,-1.201945e-01,9.771337e-02,-1.146570e-01,1.218319e-01,-9.210927e-02,1.538525e-01,-6.981399e-02,1.811721e-01,-4.820655e-02,1.902124e-01,-1.775642e-02,1.949398e-01,1.929688e-02,1.966795e-01,4.551924e-02,1.628920e-01
3.510292e-01,2.391318e-01,3.342250e-01,3.782363e-01,2.323474e-01,5.816287e-01,6.494068e-02,7.092917e-01,-4.953600e-02,5.842439e-01,-6.490519e-02,4.743956e-01,-5.907149e-02,3.800521e-01,-7.092230e-02,3.220344e-01,-8.993174e-02,2.810983e-01,-9.682559e-02,2.092282e-01,-5.922630e-02,2.087615e-01,-2.031309e-02,2.148121e-01,2.112658e-03,2.268577e-01,1.946388e-02,2.375352e-01,2.553302e-02,2.430680e-01,2.487315e-02,2.436347e-01,2.508366e-02,2.366612e-01,2.438156e-02,2.252483e-01,4.121578e-02,2.119359e-01,-2.254496e-01,1.345484e-01,-2.248358e-01,1.905243e-01,-1.928897e-01,2.608952e-01,-1.571897e-01,2.815475e-01,-1.029787e-01,3.058714e-01,-6.411394e-02,3.143927e-01,-3.495357e-02,2.960428e-01,6.567735e-04,2.766070e-01,3.913962e-02,2.581649e-01,6.209679e-02,2.015129e-01
3.230328e-01,4.772309e-03,4.401705e-01,-1.261123e-02,5.197176e-01,8.177509e-04,5.781119e-01,2.509922e-02,5.942555e-01,1.115060e-02,5.152214e-01,6.841309e-02,4.262680e-01,1.051915e-01,3.467427e-01,1.178948e-01,2.669445e-01,1.214924e-01,2.019569e-01,8.931300e-02,3.127684e-01,1.214121e-01,3.287349e-01,1.699650e-01,3.024544e-01,2.088775e-01,2.380014e-01,2.379423e-01,1.969284e-01,2.488064e-01,1.365556e-01,2.489095e-01,1.016668e-01,2.398600e-01,6.174482e-02,2.234625e-01,4.938676e-02,2.048078e-01,-1.124719e-01,3.461525e-02,-1.345601e-01,5.742782e-02,-1.378144e-01,1.011709e-01,-1.344318e-01,1.286718e-01,-1.114390e-01,1.658874e-01,-8.726531e-02,1.991866e-01,-6.273033e-02,2.122478e-01,-2.734540e-02,2.199931e-01,1.643940e-02,2.238363e-01,4.796059e-02,1.861827e-01
3.833041e-01,2.101009e-01,4.015744e-01,3.202053e-01,3.494179e-01,4.989675e-01,2.515351e-01,6.220178e-01,4.079982e-02,7.632836e-01,-3.211617e-02,6.434367e-01,-4.810523e-02,5.198512e-01,-7.183677e-02,4.381846e-01,-1.023736e-01,3.820755e-01,-1.157806e-01,2.842781e-01,-5.855646e-02,2.857128e-01,-8.953426e-03,2.971530e-01,1.407644e-02,3.150397e-01,2.827703e-02,3.292116e-01,2.848572e-02,3.346966e-01,2.143136e-02,3.327240e-01,1.637934e-02,3.202752e-01,1.300555e-02,3.021709e-01,3.341916e-02,2.808847e-01,-2.918070e-01,1.567210e-01,-3.019738e-01,2.227094e-01,-2.706237e-01,3.113646e-01,-2.320116e-01,3.417770e-01,-1.659602e-01,3.782665e-01,-1.153020e-01,3.968717e-01,-7.457291e-02,3.801462e-01,-2.422093e-02,3.595822e-01,3.127060e-02,3.385678e-01,6.599876e-02,2.649723e-01
3.140408e-01,6.635606e-03,4.268706e-01,-1.199666e-02,5.042183e-01,-9.383168e-04,5.711628e-01,1.218180e-02,6.061229e-01,2.510948e-02,6.168647e-01,3.630494e-02,5.391952e-01,7.272004e-02,4.457116e-01,9.939438e-02,3.478818e-01,1.138193e-01,2.657605e-01,8.543339e-02,3.955401e-01,1.272140e-01,4.037642e-01,1.882123e-01,3.618272e-01,2.347769e-01,2.767035e-01,2.676883e-01,2.240302e-01,2.783678e-01,1.514507e-01,2.767108e-01,1.101666e-01,2.652014e-01,6.411628e-02,2.459054e-01,4.916764e-02,2.242506e-01,-1.186662e-01,3.283805e-02,-1.444773e-01,5.540243e-02,-1.506058e-01,1.008909e-01,-1.496896e-01,1.305441e-01,-1.274280e-01,1.713882e-01,-1.025945e-01,2.094443e-01,-7.622842e-02,2.262360e-01,-3.719671e-02,2.369891e-01,1.198032e-02,2.430627e-01,4.793897e-02,2.029597e-01
4.191754e-01,1.967077e-01,4.596497e-01,2.917015e-01,4.328204e-01,4.486546e-01,3.793106e-01,5.414835e-01,2.440814e-01,6.862800e-01,6.173870e-02,8.078551e-01,-2.437501e-02,6.840736e-01,-6.628835e-02,5.699081e-01,-1.104109e-01,4.938572e-01,-1.316031e-01,3.664834e-01,-4.909899e-02,3.700756e-01,1.103039e-02,3.884711e-01,3.036379e-02,4.129742e-01,3.616117e-02,4.299359e-01,2.650558e-02,4.335315e-01,1.074173e-02,4.269651e-01,-1.096788e-03,4.071474e-01,-7.395614e-03,3.808945e-01,1.640600e-02,3.500886e-01,-3.566155e-01,1.735948e-01,-3.804107e-01,2.471353e-01,-3.529439e-01,3.521308e-01,-3.146090e-01,3.923554e-01,-2.394678e-01,4.416003e-01,-1.781291e-01,4.724130e-01,-1.256084e-01,4.599638e-01,-5.949926e-02,4.402613e-01,1.482782e-02,4.180075e-01,6.308803e-02,3.278613e-01
3.090603e-01,8.621207e-03,4.184521e-01,-9.961844e-03,4.930899e-01,-1.279871e-03,5.620508e-01,4.288529e-03,6.056704e-01,9.905717e-03,6.329057e-01,3.482547e-02,6.231333e-01,6.023569e-02,5.525095e-01,6.304146e-02,4.404125e-01,9.219603e-02,3.399563e-01,7.204615e-02,4.886906e-01,1.249410e-01,4.810333e-01,2.010740e-01,4.173531e-01,2.554338e-01,3.087363e-01,2.910758e-01,2.445187e-01,3.005167e-01,1.612347e-01,2.965797e-01,1.150335e-01,2.826785e-01,6.444256e-02,2.609704e-01,4.760923e-02,2.369951e-01,-1.220026e-01,3.112463e-02,-1.503436e-01,5.317481e-02,-1.586628e-01,9.930870e-02,-1.598379e-01,1.300673e-01,-1.387364e-01,1.730319e-01,-1.140531e-01,2.142734e-01,-8.684951e-02,2.339077e-01,-4.553040e-02,2.471388e-01,7.447731e-03,2.551641e-01,4.668146e-02,2.137280e-01
4.596583e-01,1.925657e-01,5.173494e-01,2.801550e-01,5.054786e-01,4.272237e-01,4.734388e-01,5.055854e-01,3.713166e-01,6.246172e-01,2.525840e-01,7.423156e-01,9.291551e-02,8.149541e-01,-3.491191e-02,7.189604e-01,-1.048511e-01,6.193827e-01,-1.391378e-01,4.594868e-01,-2.786632e-02,4.674024e-01,3.769754e-02,4.938920e-01,4.435971e-02,5.237247e-01,3.494005e-02,5.399543e-01,1.238974e-02,5.376385e-01,-1.228748e-02,5.232544e-01,-3.064622e-02,4.938230e-01,-3.854842e-02,4.581176e-01,-1.070734e-02,4.165865e-01,-4.192872e-01,1.862945e-01,-4.585893e-01,2.652462e-01,-4.374983e-01,3.844322e-01,-4.021136e-01,4.338849e-01,-3.206759e-01,4.955183e-01,-2.503064e-01,5.395363e-01,-1.864637e-01,5.332948e-01,-1.043399e-01,5.160325e-01,-1.012001e-02,4.936069e-01,5.283456e-02,3.876080e-01
3.063644e-01,1.023118e-02,4.133752e-01,-7.890892e-03,4.857354e-01,-3.659958e-04,5.536122e-01,2.020494e-03,5.990363e-01,1.936726e-03,6.344021e-01,2.407274e-02,6.497668e-01,4.255466e-02,6.412484e-01,4.277798e-02,5.346678e-01,6.519619e-02,4.209117e-01,5.025320e-02,6.025392e-01,1.116776e-01,5.602167e-01,2.095545e-01,4.637926e-01,2.717754e-01,3.302837e-01,3.081401e-01,2.568100e-01,3.153094e-01,1.658069e-01,3.089664e-01,1.167667e-01,2.930916e-01,6.354484e-02,2.696872e-01,4.571706e-02,2.441957e-01,-1.237209e-01,2.990671e-02,-1.535911e-01,5.151853e-02,-1.633119e-01,9.783411e-02,-1.658881e-01,1.291131e-01,-1.457307e-01,1.731791e-01,-1.213907e-01,2.162457e-01,-9.389287e-02,2.376358e-01,-5.134427e-02,2.524718e-01,3.924293e-03,2.618110e-01,4.520118e-02,2.197069e-01
5.043198e-01,1.921238e-01,5.786185e-01,2.754910e-01,5.790151e-01,4.193921e-01,5.615887e-01,4.914523e-01,4.776784e-01,5.964608e-01,3.902464e-01,7.018837e-01,2.755755e-01,7.664462e-01,8.157599e-02,8.354717e-01,-5.237516e-02,7.472327e-01,-1.199069e-01,5.649955e-01,3.891677e-03,5.889579e-01,5.199885e-02,6.221084e-01,3.843798e-02,6.485012e-01,1.205980e-02,6.558112e-01,-2.064960e-02,6.418334e-01,-5.026009e-02,6.163655e-01,-7.246089e-02,5.756612e-01,-7.899834e-02,5.299935e-01,-4.565974e-02,4.774185e-01,-4.796417e-01,1.968431e-01,-5.349209e-01,2.799324e-01,-5.212390e-01,4.115986e-01,-4.901080e-01,4.693933e-01,-4.041830e-01,5.423417e-01,-3.262167e-01,5.991626e-01,-2.519312e-01,5.996110e-01,-1.544242e-01,5.852700e-01,-4.057601e-02,5.629540e-01,3.705150e-02,4.419268e-01
3.054151e-01,1.118407e-02,4.113282e-01,-6.538620e-03,4.825386e-01,8.757882e-04,5.494994e-01,2.430872e-03,5.947520e-01,8.019346e-04,6.316839e-01,2.243683e-02,6.526760e-01,4.023108e-02,6.551169e-01,4.680177e-02,6.194949e-01,2.900093e-02,5.075871e-01,1.281891e-02,7.539812e-01,7.662812e-02,6.376891e-01,2.126924e-01,4.989032e-01,2.833091e-01,3.412674e-01,3.190229e-01,2.621805e-01,3.236001e-01,1.666728e-01,3.152609e-01,1.165492e-01,2.980380e-01,6.223615e-02,2.736563e-01,4.407083e-02,2.473528e-01,-1.243698e-01,2.916245e-02,-1.550099e-01,5.046437e-02,-1.654907e-01,9.672762e-02,-1.688640e-01,1.281719e-01,-1.493402e-01,1.726729e-01,-1.253290e-01,2.165889e-01,-9.780820e-02,2.388801e-01,-5.474055e-02,2.545681e-01,1.647782e-03,2.646177e-01,4.396020e-02,2.222592e-01
5.521047e-01,1.918926e-01,6.444270e-01,2.716637e-01,6.580157e-01,4.151004e-01,6.549934e-01,4.846501e-01,5.856050e-01,5.833685e-01,5.190510e-01,6.833833e-01,4.379987e-01,7.353253e-01,2.920114e-01,7.967956e-01,5.146451e-02,8.724265e-01,-7.526044e-02,6.880457e-01,2.878329e-02,7.458536e-01,5.369680e-02,7.727686e-01,4.446770e-03,7.846589e-01,-3.605134e-02,7.723840e-01,-7.238193e-02,7.413613e-01,-1.006308e-01,7.026495e-01,-1.228504e-01,6.501509e-01,-1.246575e-01,5.949014e-01,-8.421831e-02,5.318093e-01,-5.381050e-01,2.070949e-01,-6.087758e-01,2.939728e-01,-6.022612e-01,4.372158e-01,-5.753187e-01,5.026087e-01,-4.853769e-01,5.857234e-01,-4.004798e-01,6.541504e-01,-3.164873e-01,6.605914e-01,-2.046327e-01,6.486054e-01,-7.240865e-02,6.259082e-01,1.889771e-02,4.905340e-01
3.053152e-01,1.151669e-02,4.109463e-01,-6.019874e-03,4.818011e-01,1.535989e-03,5.483230e-01,3.114228e-03,5.931130e-01,1.378376e-03,6.296853e-01,2.287194e-02,6.509906e-01,4.012330e-02,6.564910e-01,4.483673e-02,6.191878e-01,4.319781e-02,5.673065e-01,-3.173186e-02,9.999166e-01,2.516774e-05,6.919291e-01,2.145335e-01,5.142924e-01,2.899887e-01,3.404479e-01,3.234520e-01,2.615092e-01,3.258301e-01,1.652746e-01,3.164870e-01,1.154848e-01,2.987674e-01,6.128600e-02,2.741470e-01,4.322899e-02,2.476669e-01,-1.244300e-01,2.892556e-02,-1.552527e-01,5.011365e-02,-1.659342e-01,9.629909e-02,-1.695263e-01,1.277410e-01,-1.502093e-01,1.722816e-01,-1.263316e-01,2.163437e-01,-9.885138e-02,2.388268e-01,-5.571483e-02,2.546918e-01,8.793682e-04,2.648733e-01,4.338770e-02,2.224783e-01
6.017355e-01,1.906817e-01,7.136678e-01,2.665244e-01,7.420186e-01,4.101904e-01,7.550357e-01,4.783982e-01,7.007836e-01,5.740349e-01,6.534371e-01,6.736339e-01,6.002708e-01,7.188933e-01,5.028405e-01,7.616639e-01,3.151524e-01,8.502460e-01,5.881124e-02,8.170255e-01,2.516774e-05,9.999636e-01,-1.792255e-02,9.586737e-01,-7.371139e-02,9.242970e-01,-1.180267e-01,8.821681e-01,-1.419181e-01,8.307425e-01,-1.597642e-01,7.792390e-01,-1.778749e-01,7.160026e-01,-1.716851e-01,6.524547e-01,-1.228139e-01,5.799883e-01,-5.952695e-01,2.180486e-01,-6.803151e-01,3.089308e-01,-6.800668e-01,4.635004e-01,-6.564190e-01,5.360623e-01,-5.619195e-01,6.284568e-01,-4.699481e-01,7.071068e-01,-3.765113e-01,7.182618e-01,-2.512450e-01,7.074066e-01,-1.023813e-01,6.832316e-01,1.016416e-03,5.339528e-01
4.151394e-06,-8.639309e-07,4.836491e-06,-9.706452e-07,4.454155e-06,-4.522193e-07,3.933586e-06,4.265670e-08,3.300839e-06,3.587650e-07,2.759416e-06,6.487029e-07,2.288043e-06,7.916127e-07,1.877299e-06,7.967641e-07,1.453214e-06,7.616123e-07,1.114165e-06,5.288912e-07,1.812332e-06,6.865051e-07,2.024290e-06,9.487242e-07,2.010318e-06,1.180883e-06,1.732653e-06,1.386526e-06,1.577200e-06,1.499046e-06,1.235069e-06,1.549748e-06,1.051644e-06,1.542434e-06,7.769771e-07,1.475743e-06,6.858922e-07,1.400183e-06,-6.886130e-07,3.744486e-07,-7.274217e-07,6.079600e-07,-6.482263e-07,9.551920e-07,-5.433805e-07,1.131400e-06,-3.355884e-07,1.361864e-06,-1.665679e-07,1.527347e-06,-2.679452e-08,1.548914e-06,1.733140e-07,1.557466e-06,4.122588e-07,1.556080e-06,5.713970e-07,1.295739e-06
7.016106e-07,4.576639e-06,-7.832738e-07,3.835749e-06,-9.827918e-07,2.941361e-06,-8.643745e-07,2.068918e-06,-7.732664e-07,1.657371e-06,-6.323579e-07,1.328443e-06,-5.144971e-07,1.040941e-06,-4.846721e-07,8.696077e-07,-4.774032e-07,7.423434e-07,-4.432067e-07,5.477988e-07,-4.066940e-07,5.175698e-07,-2.759363e-07,4.931260e-07,-1.432665e-07,4.976347e-07,3.064698e-09,5.153524e-07,1.115008e-07,5.397000e-07,1.877587e-07,5.633602e-07,2.579193e-07,5.761186e-07,2.901314e-07,5.775213e-07,3.608282e-07,5.831383e-07,-6.750260e-07,6.509023e-07,-5.228273e-07,9.032272e-07,-3.024181e-07,1.137934e-06,-1.123354e-07,1.142688e-06,8.676328e-08,1.149747e-06,1.886564e-07,1.084959e-06,2.355481e-07,9.485318e-07,2.933807e-07,8.386747e-07,3.469184e-07,7.508188e-07,3.602682e-07,5.784883e-07
1.190810e-01,2.367409e-03,1.301313e-01,-1.233401e-02,1.207799e-01,-6.494614e-03,1.083059e-01,3.061814e-03,9.173001e-02,1.065297e-02,7.720620e-02,1.821512e-02,6.431707e-02,2.200234e-02,5.291387e-02,2.212917e-02,4.103715e-02,2.116500e-02,3.151156e-02,1.466404e-02,5.120180e-02,1.909375e-02,5.721649e-02,2.648811e-02,5.682655e-02,3.306356e-02,4.891910e-02,3.890814e-02,4.436533e-02,4.211413e-02,3.453557e-02,4.354518e-02,2.913681e-02,4.330147e-02,2.125991e-02,4.136394e-02,1.856209e-02,3.913434e-02,-1.884655e-02,8.969732e-03,-2.065729e-02,1.513834e-02,-1.897560e-02,2.481442e-02,-1.632495e-02,3.010284e-02,-1.060349e-02,3.688057e-02,-5.779422e-03,4.187717e-02,-1.711718e-03,4.280091e-02,4.025935e-03,4.323902e-02,1.086184e-02,4.333256e-02,1.545944e-02,3.613518e-02
6.991087e-02,2.595800e-01,-1.625895e-02,2.175366e-01,-3.463893e-02,1.694334e-01,-3.345298e-02,1.222665e-01,-3.305023e-02,1.003387e-01,-2.815342e-02,8.248536e-02,-2.356081e-02,6.615331e-02,-2.359082e-02,5.611446e-02,-2.485052e-02,4.857910e-02,-2.412987e-02,3.612322e-02,-2.043332e-02,3.501123e-02,-1.294730e-02,3.447602e-02,-6.370373e-03,3.542022e-02,6.650160e-04,3.674956e-02,5.614493e-03,3.801775e-02,8.962464e-03,3.897464e-02,1.218103e-02,3.904837e-02,1.376509e-02,3.841755e-02,1.804570e-02,3.789662e-02,-4.381342e-02,3.808512e-02,-3.647074e-02,5.265411e-02,-2.446598e-02,6.696344e-02,-1.381802e-02,6.792101e-02,-1.858390e-03,6.924972e-02,4.792468e-03,6.655194e-02,8.439454e-03,5.922549e-02,1.297738e-02,5.310995e-02,1.752097e-02,4.807635e-02,1.940138e-02,3.712826e-02
1.908717e-01,4.023691e-02,2.232190e-01,-4.252478e-04,2.254150e-01,-1.666635e-02,2.130274e-01,-3.032099e-03,1.842791e-01,1.324573e-02,1.565028e-01,2.955373e-02,1.309463e-01,3.845509e-02,1.082311e-01,3.969953e-02,8.449485e-02,3.848737e-02,6.528606e-02,2.649002e-02,1.044887e-01,3.549986e-02,1.159811e-01,5.042048e-02,1.146369e-01,6.361461e-02,9.809848e-02,7.531733e-02,8.838590e-02,8.169747e-02,6.823533e-02,8.449451e-02,5.698206e-02,8.395297e-02,4.099613e-02,8.005201e-02,3.522552e-02,7.553002e-02,-3.472277e-02,1.474158e-02,-3.920464e-02,2.576746e-02,-3.697058e-02,4.397958e-02,-3.258620e-02,5.458485e-02,-2.204024e-02,6.816498e-02,-1.280143e-02,7.852926e-02,-4.819782e-03,8.106688e-02,6.431077e-03,8.248483e-02,1.989511e-02,8.310501e-02,2.906960e-02,6.953346e-02
1.910203e-01,2.929927e-01,6.765602e-02,3.918665e-01,-1.981158e-02,3.551731e-01,-4.528963e-02,2.725949e-01,-5.567301e-02,2.248853e-01,-4.993514e-02,1.861545e-01,-4.267046e-02,1.504176e-01,-4.472151e-02,1.281548e-01,-4.945910e-02,1.115147e-01,-4.946761e-02,8.307720e-02,-3.901414e-02,8.144458e-02,-2.262092e-02,8.147765e-02,-9.649967e-03,8.453051e-02,3.474691e-03,8.800898e-02,1.195812e-02,9.074562e-02,1.706498e-02,9.235730e-02,2.205278e-02,9.159176e-02,2.440644e-02,8.912833e-02,3.326561e-02,8.656710e-02,-9.805380e-02,7.588226e-02,-8.710454e-02,1.059129e-01,-6.431704e-02,1.377007e-01,-4.288335e-02,1.422455e-01,-1.689641e-02,1.476718e-01,-1.240699e-03,1.446433e-01,8.378284e-03,1.308294e-01,2.013962e-02,1.187284e-01,3.224505e-02,1.084542e-01,3.817531e-02,8.401621e-02
2.320930e-01,3.164720e-02,2.874041e-01,1.636385e-02,3.055304e-01,7.049812e-03,2.983222e-01,3.838256e-03,2.673537e-01,1.600127e-02,2.327505e-01,3.586036e-02,1.978226e-01,4.855863e-02,1.651950e-01,5.138886e-02,1.302204e-01,5.060610e-02,1.014823e-01,3.429806e-02,1.601327e-01,4.787498e-02,1.769554e-01,7.040734e-02,1.742527e-01,9.037447e-02,1.481556e-01,1.081043e-01,1.323357e-01,1.177072e-01,1.010507e-01,1.218047e-01,8.325997e-02,1.208880e-01,5.881262e-02,1.149850e-01,4.944043e-02,1.081028e-01,-4.649250e-02,1.750367e-02,-5.408193e-02,3.163807e-02,-5.259354e-02,5.638961e-02,-4.784176e-02,7.180428e-02,-3.397276e-02,9.187610e-02,-2.112511e-02,1.079412e-01,-9.602400e-03,1.129821e-01,6.769003e-03,1.161335e-01,2.652953e-02,1.178988e-01,4.022590e-02,9.911644e-02
2.735648e-01,2.581009e-01,2.077993e-01,3.902537e-01,8.035698e-02,5.037712e-01,-2.536543e-03,4.306672e-01,-4.542978e-02,3.677358e-01,-5.110504e-02,3.109681e-01,-4.803612e-02,2.551874e-01,-5.671982e-02,2.189750e-01,-6.907883e-02,1.918462e-01,-7.274398e-02,1.434013e-01,-5.103175e-02,1.426262e-01,-2.519242e-02,1.453009e-01,-7.898792e-03,1.521429e-01,8.314993e-03,1.585755e-01,1.727256e-02,1.625162e-01,2.138861e-02,1.638278e-01,2.575004e-02,1.605447e-01,2.775586e-02,1.543443e-01,4.137509e-02,1.473909e-01,-1.630042e-01,1.106763e-01,-1.541897e-01,1.556966e-01,-1.238496e-01,2.076303e-01,-9.304474e-02,2.190334e-01,-5.178352e-02,2.322533e-01,-2.471055e-02,2.326888e-01,-6.205257e-03,2.145321e-01,1.632761e-02,1.974106e-01,4.017145e-02,1.821881e-01,5.333177e-02,1.415753e-01
2.519566e-01,2.815993e-02,3.204827e-01,2.330573e-02,3.471383e-01,2.883514e-02,3.631310e-01,9.981813e-03,3.431621e-01,1.084295e-02,3.089630e-01,3.161499e-02,2.677358e-01,4.880944e-02,2.261906e-01,5.496208e-02,1.801638e-01,5.601449e-02,1.416295e-01,3.717670e-02,2.194309e-01,5.560311e-02,2.407658e-01,8.606612e-02,2.355031e-01,1.130509e-01,1.982982e-01,1.369096e-01,1.751518e-01,1.496364e-01,1.319677e-01,1.548310e-01,1.071438e-01,1.533896e-01,7.418221e-02,1.454544e-01,6.091458e-02,1.362086e-01,-5.492136e-02,1.830374e-02,-6.558275e-02,3.419311e-02,-6.556864e-02,6.356461e-02,-6.144214e-02,8.287659e-02,-4.566079e-02,1.086129e-01,-3.015165e-02,1.302082e-01,-1.566193e-02,1.382910e-01,5.234322e-03,1.437265e-01,3.076845e-02,1.471397e-01,4.878928e-02,1.243391e-01
3.284421e-01,2.276757e-01,3.074767e-01,3.495095e-01,2.156639e-01,5.003474e-01,9.447580e-02,5.535795e-01,-6.796403e-03,5.131696e-01,-3.843992e-02,4.460156e-01,-4.615417e-02,3.709214e-01,-6.410551e-02,3.190908e-01,-8.592785e-02,2.801822e-01,-9.447353e-02,2.095678e-01,-5.861992e-02,2.101362e-01,-2.246255e-02,2.164146e-01,-1.476315e-03,2.279294e-01,1.601848e-02,2.378828e-01,2.315698e-02,2.429848e-01,2.385929e-02,2.434672e-01,2.526061e-02,2.366429e-01,2.548112e-02,2.254944e-01,4.306043e-02,2.125544e-01,-2.282655e-01,1.379613e-01,-2.264888e-01,1.953786e-01,-1.929429e-01,2.669580e-01,-1.557640e-01,2.874783e-01,-1.003130e-01,3.113337e-01,-6.105235e-02,3.187804e-01,-3.199618e-02,2.991657e-01,3.362834e-03,2.787826e-01,4.143549e-02,2.596499e-01,6.392230e-02,2.024254e-01
2.581039e-01,2.292948e-02,3.355298e-01,1.733863e-02,3.747234e-01,3.134857e-02,3.969913e-01,3.687540e-02,3.963590e-01,1.532756e-02,3.762808e-01,2.246696e-02,3.371533e-01,3.983225e-02,2.899795e-01,4.998315e-02,2.338781e-01,5.413017e-02,1.856366e-01,3.449360e-02,2.826571e-01,5.786598e-02,3.084173e-01,9.665495e-02,2.992802e-01,1.312555e-01,2.489235e-01,1.615982e-01,2.167419e-01,1.773974e-01,1.606484e-01,1.834170e-01,1.282787e-01,1.812270e-01,8.685039e-02,1.711988e-01,6.950701e-02,1.596005e-01,-6.036736e-02,1.796170e-02,-7.367171e-02,3.451936e-02,-7.548969e-02,6.662514e-02,-7.279886e-02,8.859843e-02,-5.655935e-02,1.187933e-01,-3.951353e-02,1.454252e-01,-2.280422e-02,1.568949e-01,1.894891e-03,1.650774e-01,3.259529e-02,1.706047e-01,5.468970e-02,1.449904e-01
3.725765e-01,2.069013e-01,3.857450e-01,3.124899e-01,3.309290e-01,4.669400e-01,2.417076e-01,5.515199e-01,8.430638e-02,6.277822e-01,1.889129e-03,5.842211e-01,-3.171406e-02,4.985396e-01,-6.462253e-02,4.304837e-01,-9.879404e-02,3.781724e-01,-1.139307e-01,2.828341e-01,-6.056971e-02,2.854265e-01,-1.343149e-02,2.963981e-01,1.016061e-02,3.134000e-01,2.640344e-02,3.272035e-01,2.864997e-02,3.330084e-01,2.301206e-02,3.316500e-01,1.885043e-02,3.198309e-01,1.587548e-02,3.022350e-01,3.660708e-02,2.814748e-01,-2.935575e-01,1.590519e-01,-3.028566e-01,2.261706e-01,-2.702323e-01,3.159410e-01,-2.302590e-01,3.465617e-01,-1.628405e-01,3.830232e-01,-1.114965e-01,4.008827e-01,-7.065793e-02,3.830425e-01,-2.051258e-02,3.615733e-01,3.444683e-02,3.398982e-01,6.858805e-02,2.658686e-01
2.572816e-01,1.789436e-02,3.393242e-01,8.446921e-03,3.875130e-01,2.017289e-02,4.232190e-01,2.746168e-02,4.339602e-01,2.354745e-02,4.242865e-01,3.486581e-02,3.933193e-01,3.676690e-02,3.496729e-01,4.198738e-02,2.875113e-01,4.698969e-02,2.314223e-01,2.644254e-02,3.505351e-01,5.368695e-02,3.832858e-01,1.013692e-01,3.678606e-01,1.450992e-01,3.000263e-01,1.825828e-01,2.555592e-01,2.010210e-01,1.852670e-01,2.070858e-01,1.452988e-01,2.036402e-01,9.609788e-02,1.914143e-01,7.507966e-02,1.776059e-01,-6.401133e-02,1.786460e-02,-7.901846e-02,3.474528e-02,-8.217751e-02,6.834748e-02,-8.087211e-02,9.167337e-02,-6.506910e-02,1.245615e-01,-4.769875e-02,1.547932e-01,-2.988233e-02,1.691928e-01,-2.497780e-03,1.800934e-01,3.241647e-02,1.879119e-01,5.805927e-02,1.605849e-01
4.123293e-01,1.969494e-01,4.482701e-01,2.911399e-01,4.170268e-01,4.393273e-01,3.597900e-01,5.201230e-01,2.330963e-01,6.262032e-01,1.061909e-01,6.865344e-01,2.225099e-02,6.224645e-01,-4.116071e-02,5.487119e-01,-9.572921e-02,4.849538e-01,-1.228740e-01,3.641224e-01,-4.924235e-02,3.716595e-01,4.677844e-03,3.899221e-01,2.441346e-02,4.130348e-01,3.303790e-02,4.294236e-01,2.597586e-02,4.334151e-01,1.169443e-02,4.275407e-01,4.380303e-04,4.082622e-01,-5.615605e-03,3.823427e-01,1.840426e-02,3.517689e-01,-3.586700e-01,1.746908e-01,-3.825203e-01,2.489280e-01,-3.546110e-01,3.549931e-01,-3.155356e-01,3.958452e-01,-2.392407e-01,4.456734e-01,-1.769791e-01,4.765393e-01,-1.239063e-01,4.635533e-01,-5.749644e-02,4.432338e-01,1.683072e-02,4.204350e-01,6.491354e-02,3.296569e-01
2.558877e-01,1.555983e-02,3.395427e-01,4.076530e-03,3.915002e-01,1.350110e-02,4.343626e-01,1.877521e-02,4.541003e-01,1.809755e-02,4.576792e-01,3.286458e-02,4.382649e-01,4.253871e-02,4.001880e-01,3.733059e-02,3.378635e-01,3.648644e-02,2.774482e-01,1.294927e-02,4.245426e-01,4.176874e-02,4.700068e-01,9.916825e-02,4.415524e-01,1.548306e-01,3.493576e-01,1.999439e-01,2.893495e-01,2.201352e-01,2.044780e-01,2.253468e-01,1.577467e-01,2.202867e-01,1.021011e-01,2.059778e-01,7.821639e-02,1.903073e-01,-6.623309e-02,1.761296e-02,-8.241195e-02,3.456547e-02,-8.657908e-02,6.894034e-02,-8.640830e-02,9.298110e-02,-7.125267e-02,1.274771e-01,-5.406984e-02,1.600873e-01,-3.585857e-02,1.766367e-01,-6.817639e-03,1.897599e-01,3.118625e-02,1.996212e-01,5.960610e-02,1.713829e-01
4.556241e-01,1.936888e-01,5.101248e-01,2.815461e-01,4.947696e-01,4.255871e-01,4.582649e-01,5.001430e-01,3.552480e-01,6.043534e-01,2.473788e-01,6.919097e-01,1.303385e-01,7.134335e-01,1.587622e-02,6.618284e-01,-7.134435e-02,5.949060e-01,-1.182362e-01,4.511893e-01,-2.641707e-02,4.681926e-01,2.706848e-02,4.957457e-01,3.564498e-02,5.239041e-01,3.127445e-02,5.398057e-01,1.222067e-02,5.383759e-01,-1.088548e-02,5.249877e-01,-2.912644e-02,4.961166e-01,-3.714138e-02,4.606239e-01,-9.387514e-03,4.190878e-01,-4.210162e-01,1.865209e-01,-4.608388e-01,2.657747e-01,-4.398817e-01,3.857434e-01,-4.043451e-01,4.358769e-01,-3.222354e-01,4.983398e-01,-2.510635e-01,5.429849e-01,-1.864856e-01,5.368390e-01,-1.037000e-01,5.193945e-01,-9.043653e-03,4.966765e-01,5.409201e-02,3.900250e-01
2.554262e-01,1.480528e-02,3.397135e-01,2.586280e-03,3.932086e-01,1.129387e-02,4.392717e-01,1.569213e-02,4.630401e-01,1.695627e-02,4.721291e-01,3.574382e-02,4.577253e-01,5.180261e-02,4.323108e-01,3.695543e-02,3.804253e-01,2.045174e-02,3.221049e-01,-9.475665e-03,5.065473e-01,1.691618e-02,5.788945e-01,8.586141e-02,5.227199e-01,1.603155e-01,3.966208e-01,2.143323e-01,3.171916e-01,2.354555e-01,2.178385e-01,2.389107e-01,1.655484e-01,2.319491e-01,1.049706e-01,2.157249e-01,7.907593e-02,1.985181e-01,-6.726378e-02,1.707870e-02,-8.428331e-02,3.384324e-02,-8.930390e-02,6.838987e-02,-9.016349e-02,9.268628e-02,-7.586428e-02,1.280089e-01,-5.921908e-02,1.621320e-01,-4.107126e-02,1.802685e-01,-1.112280e-02,1.951574e-01,2.904817e-02,2.067398e-01,5.956745e-02,1.781625e-01
5.025246e-01,1.928751e-01,5.752659e-01,2.765737e-01,5.739037e-01,4.196524e-01,5.536411e-01,4.911594e-01,4.673425e-01,5.916975e-01,3.793021e-01,6.850152e-01,2.730828e-01,7.271079e-01,1.161522e-01,7.485974e-01,-2.503570e-02,7.046970e-01,-1.027352e-01,5.453122e-01,-5.897389e-03,5.785667e-01,4.946893e-02,6.132066e-01,4.933402e-02,6.433254e-01,2.344147e-02,6.558808e-01,-1.198407e-02,6.446359e-01,-4.449870e-02,6.202741e-01,-6.867572e-02,5.797808e-01,-7.688606e-02,5.338557e-01,-4.435784e-02,4.809155e-01,-4.806951e-01,1.967114e-01,-5.364913e-01,2.798600e-01,-5.231433e-01,4.119371e-01,-4.922307e-01,4.701647e-01,-4.061859e-01,5.437941e-01,-3.278927e-01,6.014002e-01,-2.531608e-01,6.023754e-01,-1.550006e-01,5.884309e-01,-4.035587e-02,5.664148e-01,3.790439e-02,4.449978e-01
2.546812e-01,1.443237e-02,3.389541e-01,1.789178e-03,3.928523e-01,9.595337e-03,4.401526e-01,1.279021e-02,4.663029e-01,1.266644e-02,4.801657e-01,3.017147e-02,4.737581e-01,4.507728e-02,4.525921e-01,3.946145e-02,4.045223e-01,2.074170e-02,3.551824e-01,-2.712725e-02,5.890578e-01,-9.470084e-03,7.306278e-01,6.352578e-02,6.000443e-01,1.634491e-01,4.255380e-01,2.238087e-01,3.325857e-01,2.438767e-01,2.236873e-01,2.455946e-01,1.690938e-01,2.373977e-01,1.062405e-01,2.201882e-01,7.955307e-02,2.022811e-01,-6.789693e-02,1.697769e-02,-8.526575e-02,3.373859e-02,-9.059524e-02,6.846510e-02,-9.181861e-02,9.292188e-02,-7.778215e-02,1.286413e-01,-6.130988e-02,1.633987e-01,-4.319001e-02,1.821460e-01,-1.288243e-02,1.977386e-01,2.821144e-02,2.100516e-01,5.965041e-02,1.812911e-01
5.511528e-01,1.933828e-01,6.418904e-01,2.740243e-01,6.534691e-01,4.179013e-01,6.472357e-01,4.880142e-01,5.740377e-01,5.855655e-01,5.029344e-01,6.805410e-01,4.182477e-01,7.237470e-01,2.801114e-01,7.606189e-01,8.999480e-02,7.864447e-01,-4.039869e-02,6.365319e-01,4.426752e-02,7.044627e-01,6.613413e-02,7.633090e-01,1.367984e-02,7.864010e-01,-2.390294e-02,7.772316e-01,-6.676006e-02,7.473081e-01,-9.826623e-02,7.080400e-01,-1.223090e-01,6.547772e-01,-1.254168e-01,5.987423e-01,-8.550034e-02,5.349114e-01,-5.387566e-01,2.062784e-01,-6.102401e-01,2.928272e-01,-6.045093e-01,4.360296e-01,-5.783467e-01,5.016384e-01,-4.889696e-01,5.852432e-01,-4.042873e-01,6.545610e-01,-3.201560e-01,6.619035e-01,-2.077141e-01,6.507222e-01,-7.440097e-02,6.286757e-01,1.788815e-02,4.930575e-01
2.545363e-01,1.447376e-02,3.387323e-01,1.810778e-03,3.926199e-01,9.505183e-03,4.400637e-01,1.248991e-02,4.665647e-01,1.213659e-02,4.813023e-01,2.939131e-02,4.765575e-01,4.397240e-02,4.565837e-01,4.003626e-02,4.104214e-01,2.135988e-02,3.691136e-01,-3.575320e-02,6.327557e-01,-2.290409e-02,9.999029e-01,1.934793e-05,6.601441e-01,1.672720e-01,4.355722e-01,2.292504e-01,3.367540e-01,2.475304e-01,2.240452e-01,2.479058e-01,1.692034e-01,2.389971e-01,1.058965e-01,2.213810e-01,7.912935e-02,2.032105e-01,-6.802814e-02,1.684005e-02,-8.554848e-02,3.353862e-02,-9.103958e-02,6.824634e-02,-9.245654e-02,9.271486e-02,-7.860450e-02,1.285128e-01,-6.227263e-02,1.634580e-01,-4.421854e-02,1.824273e-01,-1.383281e-02,1.982706e-01,2.755498e-02,2.108282e-01,5.930051e-02,1.820285e-01
6.018438e-01,1.925828e-01,7.124286e-01,2.696983e-01,7.387399e-01,4.148921e-01,7.481980e-01,4.848082e-01,6.887527e-01,5.818179e-01,6.334286e-01,6.807647e-01,5.673549e-01,7.255434e-01,4.515941e-01,7.630772e-01,2.647326e-01,8.118002e-01,7.923295e-02,7.002079e-01,1.695719e-01,8.187873e-01,1.934793e-05,9.999646e-01,-6.713487e-02,9.458628e-01,-1.295959e-01,8.942752e-01,-1.496111e-01,8.363604e-01,-1.666808e-01,7.819564e-01,-1.833175e-01,7.172547e-01,-1.761066e-01,6.530344e-01,-1.266493e-01,5.800231e-01,-5.952039e-01,2.169356e-01,-6.809567e-01,3.072621e-01,-6.815295e-01,4.613616e-01,-6.587664e-01,5.338358e-01,-5.651397e-01,6.262493e-01,-4.737191e-01,7.053378e-01,-3.804502e-01,7.171664e-01,-2.549983e-01,7.068858e-01,-1.055349e-01,6.830848e-01,-1.571056e-03,5.337683e-01
2.066392e-06,-1.503057e-07,2.675951e-06,-6.354892e-07,2.856553e-06,-5.685424e-07,2.799942e-06,-3.480214e-07,2.543596e-06,-1.568847e-07,2.238762e-06,7.267237e-08,1.921854e-06,2.244566e-07,1.636048e-06,2.606910e-07,1.330941e-06,2.554238e-07,1.076063e-06,1.347522e-07,1.661286e-06,2.514621e-07,1.864419e-06,4.559924e-07,1.911402e-06,6.414175e-07,1.711810e-06,8.260664e-07,1.629397e-06,9.473695e-07,1.344240e-06,1.024769e-06,1.202182e-06,1.061830e-06,9.365780e-07,1.043300e-06,8.172690e-07,1.023348e-06,-2.437428e-07,2.036523e-07,-2.240846e-07,3.926384e-07,-1.398529e-07,6.549629e-07,-4.540838e-08,7.944534e-07,1.010834e-07,9.698424e-07,2.058927e-07,1.081832e-06,2.782412e-07,1.092418e-06,3.903565e-07,1.105450e-06,5.241109e-07,1.116899e-06,6.073968e-07,9.525186e-07
1.045572e-06,2.738324e-06,8.783008e-08,2.824169e-06,-3.370921e-07,2.584954e-06,-4.660692e-07,2.049884e-06,-5.404159e-07,1.748339e-06,-4.984387e-07,1.469279e-06,-4.385550e-07,1.192956e-06,-4.460901e-07,1.014940e-06,-4.684462e-07,8.789469e-07,-4.532978e-07,6.554232e-07,-3.973553e-07,6.343970e-07,-2.693685e-07,6.211270e-07,-1.520163e-07,6.326460e-07,-1.691819e-08,6.502141e-07,8.581662e-08,6.689078e-07,1.634418e-07,6.851851e-07,2.396794e-07,6.892823e-07,2.812487e-07,6.830276e-07,3.682115e-07,6.818576e-07,-8.134486e-07,7.883063e-07,-6.306102e-07,1.074885e-06,-3.779669e-07,1.333742e-06,-1.674617e-07,1.325522e-06,5.301933e-08,1.326067e-06,1.652573e-07,1.251970e-06,2.193849e-07,1.098296e-06,2.908140e-07,9.749024e-07,3.615728e-07,8.755658e-07,3.850364e-07,6.734696e-07
5.786076e-02,-4.208418e-03,7.492901e-02,-1.779422e-02,7.998616e-02,-1.591975e-02,7.840110e-02,-9.744994e-03,7.122320e-02,-4.392985e-03,6.268758e-02,2.034843e-03,5.381384e-02,6.284961e-03,4.581101e-02,7.299569e-03,3.726770e-02,7.152089e-03,3.013085e-02,3.773169e-03,4.651768e-02,7.041164e-03,5.220561e-02,1.276822e-02,5.352118e-02,1.796031e-02,4.793240e-02,2.313066e-02,4.562476e-02,2.652727e-02,3.764007e-02,2.869454e-02,3.366230e-02,2.973229e-02,2.622510e-02,2.921344e-02,2.288433e-02,2.865476e-02,-6.825020e-03,5.702404e-03,-6.274597e-03,1.099419e-02,-3.916042e-03,1.833954e-02,-1.271508e-03,2.224542e-02,2.830406e-03,2.715650e-02,5.765173e-03,3.029233e-02,7.791009e-03,3.058876e-02,1.093035e-02,3.095367e-02,1.467561e-02,3.127427e-02,1.700770e-02,2.667145e-02
5.855530e-02,1.533479e-01,4.921081e-03,1.581558e-01,-1.887553e-02,1.447602e-01,-2.609886e-02,1.147961e-01,-3.026276e-02,9.790939e-02,-2.791227e-02,8.228184e-02,-2.455893e-02,6.680749e-02,-2.498107e-02,5.683836e-02,-2.623321e-02,4.922259e-02,-2.538501e-02,3.670489e-02,-2.225200e-02,3.552747e-02,-1.508460e-02,3.478442e-02,-8.512843e-03,3.542957e-02,-9.473419e-04,3.641345e-02,4.805778e-03,3.746032e-02,9.152747e-03,3.837183e-02,1.342202e-02,3.860121e-02,1.574990e-02,3.825086e-02,2.061993e-02,3.818524e-02,-4.555457e-02,4.414596e-02,-3.531564e-02,6.019468e-02,-2.116744e-02,7.469103e-02,-9.378951e-03,7.423085e-02,2.968306e-03,7.426148e-02,9.253865e-03,7.011212e-02,1.228519e-02,6.150628e-02,1.628544e-02,5.459612e-02,2.024818e-02,4.903316e-02,2.156230e-02,3.771545e-02
1.118807e-01,1.848985e-02,1.342436e-01,1.016755e-03,1.420135e-01,-9.396934e-03,1.436557e-01,-1.074322e-02,1.347622e-01,-6.749508e-03,1.215920e-01,2.889964e-03,1.061342e-01,1.012163e-02,9.128859e-02,1.198619e-02,7.485511e-02,1.176322e-02,6.094254e-02,5.426300e-03,9.382182e-02,1.177061e-02,1.057148e-01,2.311802e-02,1.088861e-01,3.360938e-02,9.769089e-02,4.428156e-02,9.262841e-02,5.142396e-02,7.585467e-02,5.598214e-02,6.696978e-02,5.811840e-02,5.133107e-02,5.700533e-02,4.392618e-02,5.566534e-02,-1.046884e-02,6.068436e-03,-1.148341e-02,1.474845e-02,-8.786468e-03,2.855908e-02,-4.732360e-03,3.731478e-02,2.791468e-03,4.808223e-02,8.738076e-03,5.552183e-02,1.311675e-02,5.729244e-02,1.958007e-02,5.880657e-02,2.723078e-02,6.001400e-02,3.215329e-02,5.153217e-02
1.570832e-01,2.120668e-01,8.274103e-02,2.787316e-01,1.828463e-02,2.860077e-01,-1.314221e-02,2.419112e-01,-3.423604e-02,2.131277e-01,-3.737423e-02,1.841302e-01,-3.581193e-02,1.529813e-01,-4.090421e-02,1.320144e-01,-4.756649e-02,1.157655e-01,-4.884448e-02,8.683429e-02,-3.833937e-02,8.591775e-02,-2.339973e-02,8.651069e-02,-1.210426e-02,8.958670e-02,2.671428e-04,9.256641e-02,8.910367e-03,9.464039e-02,1.496111e-02,9.572518e-02,2.120951e-02,9.464467e-02,2.482079e-02,9.210381e-02,3.497481e-02,8.968253e-02,-1.051819e-01,8.580268e-02,-9.074138e-02,1.187115e-01,-6.463460e-02,1.517173e-01,-4.119744e-02,1.544735e-01,-1.401405e-02,1.582516e-01,1.633695e-03,1.533475e-01,1.087792e-02,1.376413e-01,2.254558e-02,1.242727e-01,3.467270e-02,1.130786e-01,4.042287e-02,8.731392e-02
1.506243e-01,3.286389e-02,1.777700e-01,2.159471e-02,1.898194e-01,3.157000e-03,1.989053e-01,-1.155194e-02,1.936770e-01,-1.246086e-02,1.791035e-01,-5.734434e-04,1.586417e-01,9.834864e-03,1.376760e-01,1.309566e-02,1.136974e-01,1.325594e-02,9.311383e-02,4.678203e-03,1.423888e-01,1.408344e-02,1.605308e-01,3.105880e-02,1.656395e-01,4.696580e-02,1.484873e-01,6.339059e-02,1.401292e-01,7.449764e-02,1.139282e-01,8.155284e-02,9.953294e-02,8.479662e-02,7.531893e-02,8.304868e-02,6.347983e-02,8.083263e-02,-1.276208e-02,5.387945e-03,-1.554487e-02,1.627337e-02,-1.324612e-02,3.524718e-02,-8.514597e-03,4.850963e-02,1.762446e-03,6.502105e-02,1.046400e-02,7.702470e-02,1.714390e-02,8.077477e-02,2.682943e-02,8.384528e-02,3.830047e-02,8.627860e-02,4.586085e-02,7.451479e-02
2.365873e-01,2.188169e-01,1.847828e-01,3.134573e-01,9.535251e-02,3.929786e-01,2.797487e-02,3.650423e-01,-2.168942e-02,3.350647e-01,-3.735599e-02,2.962554e-01,-4.140728e-02,2.497354e-01,-5.341417e-02,2.168269e-01,-6.732636e-02,1.910387e-01,-7.192894e-02,1.435546e-01,-5.183097e-02,1.434128e-01,-2.835872e-02,1.461634e-01,-1.250641e-02,1.524359e-01,3.937076e-03,1.580038e-01,1.426026e-02,1.613464e-01,2.036791e-02,1.624895e-01,2.676230e-02,1.594571e-01,3.034847e-02,1.537617e-01,4.523882e-02,1.476063e-01,-1.675729e-01,1.190742e-01,-1.551121e-01,1.670667e-01,-1.209519e-01,2.205651e-01,-8.735344e-02,2.304489e-01,-4.447090e-02,2.417375e-01,-1.744377e-02,2.395444e-01,2.631191e-04,2.188845e-01,2.191164e-02,2.000966e-01,4.469924e-02,1.837460e-01,5.681731e-02,1.423864e-01
1.757726e-01,2.964610e-02,2.159833e-01,2.342554e-02,2.323494e-01,1.860092e-02,2.423401e-01,6.300314e-03,2.403425e-01,-7.100497e-03,2.284052e-01,-1.868406e-04,2.067001e-01,9.307898e-03,1.819841e-01,1.231976e-02,1.518535e-01,1.226875e-02,1.254523e-01,1.508873e-03,1.918160e-01,1.345946e-02,2.177166e-01,3.585739e-02,2.259099e-01,5.750863e-02,2.023748e-01,8.037560e-02,1.893991e-01,9.591935e-02,1.521855e-01,1.055674e-01,1.309652e-01,1.097560e-01,9.737408e-02,1.071297e-01,8.044492e-02,1.037361e-01,-1.345141e-02,4.897903e-03,-1.735297e-02,1.672309e-02,-1.601548e-02,3.846852e-02,-1.193822e-02,5.464233e-02,-6.122772e-04,7.601178e-02,9.883554e-03,9.279476e-02,1.851205e-02,9.940547e-02,3.127919e-02,1.048612e-01,4.664168e-02,1.092136e-01,5.711125e-02,9.506009e-02
3.001509e-01,2.089178e-01,2.807326e-01,3.099045e-01,2.055888e-01,4.279156e-01,1.190725e-01,4.567289e-01,2.975124e-02,4.519947e-01,-1.042911e-02,4.152696e-01,-2.852982e-02,3.580045e-01,-5.289836e-02,3.139560e-01,-7.860305e-02,2.785462e-01,-8.987623e-02,2.100048e-01,-5.632041e-02,2.123502e-01,-2.484646e-02,2.194727e-01,-7.310508e-03,2.305442e-01,9.492262e-03,2.393756e-01,1.801811e-02,2.436064e-01,2.110370e-02,2.437720e-01,2.482501e-02,2.370882e-01,2.700003e-02,2.263576e-01,4.623645e-02,2.140772e-01,-2.347560e-01,1.450273e-01,-2.307853e-01,2.055240e-01,-1.939460e-01,2.798165e-01,-1.536394e-01,3.001674e-01,-9.553302e-02,3.230380e-01,-5.542102e-02,3.282275e-01,-2.654844e-02,3.059630e-01,8.359220e-03,2.835973e-01,4.570933e-02,2.630224e-01,6.733338e-02,2.045188e-01
1.904026e-01,2.638327e-02,2.397741e-01,2.164474e-02,2.624808e-01,2.471373e-02,2.761129e-01,1.986796e-02,2.764018e-01,3.202805e-03,2.687234e-01,2.398082e-03,2.490353e-01,7.619987e-03,2.235599e-01,8.395030e-03,1.891936e-01,7.390753e-03,1.581490e-01,-5.323252e-03,2.424329e-01,8.477566e-03,2.781198e-01,3.602298e-02,2.909092e-01,6.397636e-02,2.597971e-01,9.436776e-02,2.401974e-01,1.149545e-01,1.900898e-01,1.272771e-01,1.608125e-01,1.322344e-01,1.172908e-01,1.285276e-01,9.489524e-02,1.237763e-01,-1.333930e-02,4.261900e-03,-1.803393e-02,1.637188e-02,-1.770279e-02,3.954852e-02,-1.472622e-02,5.744938e-02,-3.387035e-03,8.248989e-02,8.072121e-03,1.036088e-01,1.815180e-02,1.133681e-01,3.360673e-02,1.216468e-01,5.264953e-02,1.283873e-01,6.607555e-02,1.127105e-01
3.527453e-01,1.999754e-01,3.613734e-01,2.964159e-01,3.086497e-01,4.291270e-01,2.336393e-01,4.881573e-01,1.141918e-01,5.403331e-01,4.132800e-02,5.265682e-01,1.776786e-04,4.684783e-01,-4.225802e-02,4.165348e-01,-8.345669e-02,3.722095e-01,-1.038653e-01,2.816877e-01,-5.527266e-02,2.878182e-01,-1.697319e-02,3.004955e-01,5.710148e-04,3.167860e-01,1.674146e-02,3.287920e-01,2.198161e-02,3.336303e-01,1.992304e-02,3.322511e-01,1.844167e-02,3.208723e-01,1.751217e-02,3.038614e-01,3.984114e-02,2.837516e-01,-2.995940e-01,1.636345e-01,-3.081385e-01,2.331600e-01,-2.734305e-01,3.258253e-01,-2.308846e-01,3.574392e-01,-1.604203e-01,3.943294e-01,-1.073462e-01,4.110085e-01,-6.590296e-02,3.909497e-01,-1.569728e-02,3.674998e-01,3.878872e-02,3.442364e-01,7.216795e-02,2.686896e-01
1.978769e-01,2.244608e-02,2.538543e-01,1.693887e-02,2.829343e-01,2.355113e-02,3.019370e-01,2.459490e-02,3.031755e-01,1.459301e-02,2.983080e-01,1.103044e-02,2.819078e-01,9.341160e-03,2.588766e-01,4.118005e-03,2.231254e-01,-6.488617e-05,1.895058e-01,-1.548110e-02,2.935129e-01,-1.171290e-03,3.430183e-01,3.081428e-02,3.638841e-01,6.582803e-02,3.231520e-01,1.055124e-01,2.928488e-01,1.318599e-01,2.266316e-01,1.465552e-01,1.877400e-01,1.516951e-01,1.339235e-01,1.464800e-01,1.060321e-01,1.401577e-01,-1.298586e-02,4.359650e-03,-1.775906e-02,1.662036e-02,-1.789319e-02,4.028096e-02,-1.589812e-02,5.858912e-02,-5.389816e-03,8.543359e-02,5.798681e-03,1.095052e-01,1.630231e-02,1.221236e-01,3.362768e-02,1.334350e-01,5.591794e-02,1.429932e-01,7.225010e-02,1.267431e-01
4.017248e-01,1.951193e-01,4.334036e-01,2.863560e-01,3.997460e-01,4.240296e-01,3.434942e-01,4.917177e-01,2.298784e-01,5.716934e-01,1.307024e-01,6.107874e-01,5.718477e-02,5.720854e-01,-1.256573e-02,5.212507e-01,-7.551847e-02,4.710849e-01,-1.094306e-01,3.587273e-01,-4.456982e-02,3.711174e-01,-2.406168e-03,3.912751e-01,1.212544e-02,4.134205e-01,2.438045e-02,4.283672e-01,2.280146e-02,4.326896e-01,1.252619e-02,4.280684e-01,3.262181e-03,4.099938e-01,-1.762783e-03,3.849370e-01,2.297085e-02,3.550131e-01,-3.629781e-01,1.771867e-01,-3.868290e-01,2.530150e-01,-3.578587e-01,3.614677e-01,-3.170731e-01,4.037155e-01,-2.381636e-01,4.548366e-01,-1.738112e-01,4.857562e-01,-1.195201e-01,4.714581e-01,-5.252693e-02,4.496238e-01,2.162396e-02,4.254700e-01,6.913542e-02,3.332725e-01
2.008522e-01,1.933863e-02,2.607313e-01,1.235465e-02,2.944709e-01,1.935303e-02,3.191465e-01,2.205526e-02,3.249343e-01,1.767231e-02,3.203417e-01,2.114300e-02,3.043702e-01,1.785786e-02,2.846543e-01,3.056740e-03,2.508982e-01,-8.159972e-03,2.176806e-01,-2.828418e-02,3.444032e-01,-1.553448e-02,4.146507e-01,1.947492e-02,4.508038e-01,6.272138e-02,3.941179e-01,1.147589e-01,3.460786e-01,1.473433e-01,2.594241e-01,1.635100e-01,2.097536e-01,1.678647e-01,1.460278e-01,1.606199e-01,1.133785e-01,1.526024e-01,-1.284621e-02,4.666659e-03,-1.752516e-02,1.704122e-02,-1.784950e-02,4.085914e-02,-1.654136e-02,5.910070e-02,-6.913398e-03,8.669086e-02,3.469309e-03,1.124012e-01,1.360502e-02,1.269913e-01,3.186567e-02,1.409208e-01,5.674072e-02,1.532612e-01,7.570217e-02,1.370761e-01
4.497887e-01,1.935893e-01,5.012591e-01,2.806276e-01,4.833668e-01,4.200494e-01,4.446422e-01,4.892043e-01,3.442093e-01,5.794949e-01,2.468067e-01,6.476412e-01,1.504335e-01,6.505630e-01,4.504487e-02,6.178726e-01,-4.879976e-02,5.705122e-01,-1.027666e-01,4.393655e-01,-2.381511e-02,4.620641e-01,1.643462e-02,4.917824e-01,2.570164e-02,5.198097e-01,3.064373e-02,5.368126e-01,1.727641e-02,5.384659e-01,-3.966863e-03,5.278034e-01,-2.261436e-02,5.005071e-01,-3.162502e-02,4.656565e-01,-4.478451e-03,4.243362e-01,-4.240806e-01,1.875679e-01,-4.644230e-01,2.676849e-01,-4.432714e-01,3.893343e-01,-4.070402e-01,4.407424e-01,-3.233182e-01,5.047692e-01,-2.504491e-01,5.504508e-01,-1.844604e-01,5.442601e-01,-1.005119e-01,5.263205e-01,-5.248406e-03,5.029996e-01,5.803269e-02,3.951412e-01
2.015829e-01,1.727420e-02,2.634035e-01,9.045995e-03,2.997934e-01,1.513923e-02,3.283273e-01,1.730775e-02,3.386566e-01,1.397160e-02,3.380205e-01,2.084477e-02,3.225978e-01,2.357552e-02,3.011454e-01,8.928832e-03,2.683131e-01,-1.119222e-02,2.383834e-01,-3.969460e-02,3.895942e-01,-3.105402e-02,4.950008e-01,2.099759e-03,5.650736e-01,5.359808e-02,4.721257e-01,1.229798e-01,3.928797e-01,1.606398e-01,2.832486e-01,1.761727e-01,2.246215e-01,1.789296e-01,1.533536e-01,1.696984e-01,1.176475e-01,1.603654e-01,-1.295173e-02,5.122022e-03,-1.745239e-02,1.768330e-02,-1.771461e-02,4.166736e-02,-1.664677e-02,5.980630e-02,-7.454308e-03,8.766509e-02,2.317796e-03,1.140631e-01,1.191016e-02,1.295563e-01,3.036365e-02,1.450223e-01,5.673961e-02,1.593136e-01,7.746666e-02,1.433915e-01
4.986144e-01,1.942802e-01,5.683610e-01,2.783721e-01,5.639871e-01,4.196627e-01,5.401629e-01,4.888925e-01,4.521893e-01,5.822621e-01,3.661855e-01,6.632939e-01,2.708859e-01,6.883612e-01,1.401219e-01,6.915067e-01,7.831986e-03,6.613325e-01,-7.472692e-02,5.183231e-01,1.573120e-02,5.573498e-01,4.619938e-02,6.029283e-01,3.374837e-02,6.408991e-01,2.138200e-02,6.557326e-01,-5.123462e-03,6.483777e-01,-3.652630e-02,6.269902e-01,-6.290725e-02,5.875066e-01,-7.325181e-02,5.414958e-01,-4.203857e-02,4.879675e-01,-4.831656e-01,1.963146e-01,-5.402301e-01,2.795641e-01,-5.277198e-01,4.125804e-01,-4.973448e-01,4.718498e-01,-4.110025e-01,5.470851e-01,-3.318476e-01,6.065178e-01,-2.559153e-01,6.086849e-01,-1.561306e-01,5.954724e-01,-3.978312e-02,5.737915e-01,3.966803e-02,4.513139e-01
2.022190e-01,1.664668e-02,2.648586e-01,8.072973e-03,3.022869e-01,1.414785e-02,3.322888e-01,1.642348e-02,3.440910e-01,1.421810e-02,3.443973e-01,2.333542e-02,3.278932e-01,2.956869e-02,3.023231e-01,1.718885e-02,2.704236e-01,-1.194185e-02,2.482927e-01,-5.247303e-02,4.247327e-01,-5.158019e-02,5.857363e-01,-2.867400e-02,7.369677e-01,3.229978e-02,5.594368e-01,1.330359e-01,4.321024e-01,1.738547e-01,2.963260e-01,1.860118e-01,2.315031e-01,1.861445e-01,1.553044e-01,1.748933e-01,1.181144e-01,1.644114e-01,-1.278707e-02,5.014566e-03,-1.733301e-02,1.746522e-02,-1.778716e-02,4.126737e-02,-1.714861e-02,5.918589e-02,-8.602022e-03,8.699633e-02,4.343839e-04,1.137144e-01,9.382512e-03,1.298091e-01,2.769307e-02,1.463274e-01,5.499545e-02,1.620147e-01,7.699572e-02,1.464604e-01
5.491828e-01,1.956002e-01,6.373593e-01,2.773986e-01,6.459459e-01,4.215205e-01,6.355247e-01,4.916566e-01,5.579874e-01,5.868491e-01,4.826049e-01,6.756562e-01,3.954059e-01,7.098420e-01,2.637962e-01,7.285916e-01,9.712024e-02,7.320567e-01,-2.273763e-02,5.898110e-01,7.274155e-02,6.530679e-01,6.620294e-02,7.269126e-01,3.431561e-02,7.806672e-01,1.470623e-02,7.839826e-01,-4.831080e-02,7.597119e-01,-8.901753e-02,7.200866e-01,-1.183739e-01,6.654477e-01,-1.252486e-01,6.077071e-01,-8.688397e-02,5.423036e-01,-5.401994e-01,2.048929e-01,-6.132128e-01,2.909110e-01,-6.089323e-01,4.341728e-01,-5.842312e-01,5.002522e-01,-4.958826e-01,5.849209e-01,-4.115877e-01,6.560901e-01,-3.271801e-01,6.652669e-01,-2.135169e-01,6.558032e-01,-7.787716e-02,6.352412e-01,1.654449e-02,4.991277e-01
2.020282e-01,1.612585e-02,2.649552e-01,7.195029e-03,3.028677e-01,1.277667e-02,3.336757e-01,1.459484e-02,3.467112e-01,1.186444e-02,3.487286e-01,2.070441e-02,3.344406e-01,2.687538e-02,3.111832e-01,1.516754e-02,2.794955e-01,-1.204829e-02,2.567998e-01,-5.318000e-02,4.397610e-01,-5.159938e-02,6.296545e-01,-3.179069e-02,9.998919e-01,1.396540e-05,6.122006e-01,1.268998e-01,4.502909e-01,1.757373e-01,3.031272e-01,1.880623e-01,2.356868e-01,1.880755e-01,1.575761e-01,1.765080e-01,1.197070e-01,1.658796e-01,-1.296463e-02,5.297140e-03,-1.740430e-02,1.790369e-02,-1.771001e-02,4.189140e-02,-1.692222e-02,5.988185e-02,-8.201230e-03,8.781278e-02,9.388066e-04,1.146129e-01,9.908687e-03,1.307148e-01,2.825537e-02,1.473296e-01,5.568749e-02,1.632313e-01,7.788861e-02,1.477112e-01
6.010271e-01,1.962710e-01,7.085784e-01,2.756054e-01,7.308643e-01,4.228485e-01,7.342667e-01,4.945203e-01,6.670621e-01,5.920126e-01,6.018436e-01,6.879659e-01,5.234015e-01,7.281657e-01,3.967457e-01,7.534180e-01,2.176201e-01,7.714555e-01,6.674562e-02,6.323882e-01,1.986813e-01,7.194222e-01,1.894093e-01,8.388817e-01,1.396540e-05,9.999644e-01,-1.323476e-01,9.309457e-01,-1.527756e-01,8.568761e-01,-1.763086e-01,7.945144e-01,-1.917061e-01,7.254781e-01,-1.843820e-01,6.588806e-01,-1.344039e-01,5.840110e-01,-5.958344e-01,2.144572e-01,-6.835016e-01,3.036065e-01,-6.861663e-01,4.569330e-01,-6.656685e-01,5.294298e-01,-5.741417e-01,6.223459e-01,-4.840239e-01,7.030658e-01,-3.910834e-01,7.169713e-01,-2.648090e-01,7.086179e-01,-1.130934e-01,6.863114e-01,-6.988681e-03,5.366584e-01
1.140730e-06,-6.115530e-07,1.729566e-06,-7.728516e-07,1.945096e-06,-7.265344e-07,1.988091e-06,-5.561051e-07,1.889449e-06,-4.436324e-07,1.717350e-06,-2.805105e-07,1.511348e-06,-1.510154e-07,1.330922e-06,-1.146680e-07,1.136300e-06,-1.128315e-07,9.655863e-07,-1.543879e-07,1.440556e-06,-8.046224e-08,1.637849e-06,6.407015e-08,1.746085e-06,1.978960e-07,1.639870e-06,3.512642e-07,1.652826e-06,4.708923e-07,1.454916e-06,5.682938e-07,1.388129e-06,6.481798e-07,1.156624e-06,6.805425e-07,1.033215e-06,7.243654e-07,1.118692e-07,2.848585e-07,2.939132e-07,4.837364e-07,4.501052e-07,6.737131e-07,5.630989e-07,7.284613e-07,6.593264e-07,8.128967e-07,6.899077e-07,8.321947e-07,6.803947e-07,7.921341e-07,6.989706e-07,7.838711e-07,7.240097e-07,7.889594e-07,7.233899e-07,6.918571e-07
6.832571e-07,1.820724e-06,4.161231e-09,2.182442e-06,-4.040327e-07,2.186263e-06,-5.759859e-07,1.832497e-06,-6.709415e-07,1.595496e-06,-6.370059e-07,1.339097e-06,-5.700667e-07,1.074945e-06,-5.551506e-07,9.012101e-07,-5.450168e-07,7.685073e-07,-5.034103e-07,5.715101e-07,-4.935882e-07,5.374200e-07,-3.795661e-07,5.029317e-07,-2.517624e-07,4.922458e-07,-8.436725e-08,4.904871e-07,6.104954e-08,5.000411e-07,1.879678e-07,5.178243e-07,3.132696e-07,5.364408e-07,3.856882e-07,5.517913e-07,4.860197e-07,5.811197e-07,-7.170248e-07,9.525852e-07,-4.094168e-07,1.281341e-06,-8.558244e-08,1.513897e-06,1.494768e-07,1.437890e-06,3.514377e-07,1.372905e-06,4.229820e-07,1.233743e-06,4.318513e-07,1.036188e-06,4.583487e-07,8.900325e-07,4.797952e-07,7.782818e-07,4.631404e-07,5.920835e-07
3.349936e-02,3.334480e-03,4.192144e-02,-4.792696e-03,4.698589e-02,-9.633634e-03,4.967712e-02,-1.035768e-02,4.877334e-02,-1.007479e-02,4.554048e-02,-7.192875e-03,4.085002e-02,-4.455065e-03,3.640811e-02,-3.755290e-03,3.135728e-02,-3.847813e-03,2.685725e-02,-4.987381e-03,4.023185e-02,-3.085557e-03,4.620218e-02,8.327553e-04,4.977649e-02,4.595047e-03,4.711182e-02,9.074746e-03,4.748254e-02,1.268642e-02,4.159659e-02,1.564064e-02,3.917987e-02,1.799270e-02,3.212675e-02,1.887971e-02,2.815814e-02,1.995270e-02,5.271909e-03,1.090721e-03,7.377760e-03,5.990172e-03,1.015780e-02,1.204215e-02,1.289063e-02,1.544376e-02,1.575199e-02,1.918618e-02,1.715534e-02,2.086713e-02,1.742232e-02,2.060976e-02,1.826588e-02,2.086017e-02,1.920216e-02,2.131393e-02,1.941498e-02,1.889812e-02
5.906946e-02,1.011409e-01,2.624424e-02,1.177267e-01,3.459275e-03,1.212235e-01,-8.589776e-03,1.051157e-01,-1.817419e-02,9.514509e-02,-2.013771e-02,8.346703e-02,-1.971070e-02,6.988293e-02,-2.197430e-02,6.046098e-02,-2.461864e-02,5.300830e-02,-2.475139e-02,3.990517e-02,-2.118828e-02,3.926822e-02,-1.482025e-02,3.906817e-02,-9.546629e-03,3.993095e-02,-2.918069e-03,4.070401e-02,2.474798e-03,4.126772e-02,7.134871e-03,4.167545e-02,1.211416e-02,4.149573e-02,1.534762e-02,4.093169e-02,2.123215e-02,4.082806e-02,-5.171056e-02,5.526447e-02,-3.739197e-02,7.296864e-02,-2.060531e-02,8.719500e-02,-7.807389e-03,8.423200e-02,4.859669e-03,8.245624e-02,1.075918e-02,7.675041e-02,1.335968e-02,6.674863e-02,1.733149e-02,5.897349e-02,2.147656e-02,5.279122e-02,2.281309e-02,4.042228e-02
6.344331e-02,1.339138e-02,7.684558e-02,-1.075205e-03,8.705593e-02,-1.418984e-02,9.429512e-02,-1.883344e-02,9.449489e-02,-2.003513e-02,8.946803e-02,-1.513673e-02,8.094883e-02,-9.964855e-03,7.252711e-02,-8.572754e-03,6.270616e-02,-8.724039e-03,5.388025e-02,-1.083492e-02,8.062993e-02,-7.125348e-03,9.283550e-02,6.337840e-04,1.003592e-01,8.189692e-03,9.520823e-02,1.732987e-02,9.587731e-02,2.479686e-02,8.375677e-02,3.090399e-02,7.844665e-02,3.570006e-02,6.390262e-02,3.745620e-02,5.560356e-02,3.948770e-02,1.108385e-02,-5.116154e-04,1.394301e-02,8.188236e-03,1.857602e-02,2.020170e-02,2.376421e-02,2.779402e-02,2.960336e-02,3.597365e-02,3.277162e-02,3.996807e-02,3.365060e-02,3.996113e-02,3.552993e-02,4.075717e-02,3.753762e-02,4.187372e-02,3.811326e-02,3.728750e-02
1.326586e-01,1.571263e-01,8.571544e-02,2.085229e-01,3.642705e-02,2.339816e-01,4.924950e-03,2.132206e-01,-2.105915e-02,1.980116e-01,-2.955358e-02,1.769681e-01,-3.178236e-02,1.502553e-01,-3.879366e-02,1.310562e-01,-4.646078e-02,1.156517e-01,-4.840905e-02,8.729624e-02,-3.896263e-02,8.683886e-02,-2.585671e-02,8.758083e-02,-1.615323e-02,9.029718e-02,-4.168129e-03,9.248195e-02,5.239994e-03,9.377253e-02,1.305807e-02,9.438792e-02,2.148366e-02,9.331345e-02,2.700684e-02,9.117718e-02,3.872958e-02,8.958507e-02,-1.109286e-01,9.991603e-02,-8.990608e-02,1.365914e-01,-5.852735e-02,1.698237e-01,-3.234292e-02,1.688357e-01,-4.394513e-03,1.690842e-01,1.023674e-02,1.605717e-01,1.798137e-02,1.418996e-01,2.839867e-02,1.267438e-01,3.929948e-02,1.143924e-01,4.390364e-02,8.787495e-02
9.377503e-02,2.057394e-02,1.118026e-01,1.029188e-02,1.213801e-01,-2.661891e-03,1.294861e-01,-1.383193e-02,1.313671e-01,-2.174991e-02,1.268901e-01,-1.901759e-02,1.167521e-01,-1.411109e-02,1.058280e-01,-1.334768e-02,9.228129e-02,-1.426569e-02,7.991969e-02,-1.763751e-02,1.204600e-01,-1.262459e-02,1.403180e-01,-1.386544e-03,1.534003e-01,1.001905e-02,1.466157e-01,2.434268e-02,1.473678e-01,3.633415e-02,1.278649e-01,4.606364e-02,1.181971e-01,5.342695e-02,9.484368e-02,5.588204e-02,8.113675e-02,5.845832e-02,1.909502e-02,-4.031253e-03,2.188740e-02,5.462551e-03,2.602547e-02,2.068277e-02,3.157248e-02,3.246907e-02,3.921941e-02,4.609886e-02,4.423024e-02,5.406500e-02,4.627417e-02,5.590553e-02,4.970473e-02,5.832545e-02,5.332189e-02,6.086241e-02,5.482604e-02,5.475838e-02
2.096138e-01,1.818603e-01,1.735543e-01,2.567144e-01,1.088436e-01,3.236026e-01,5.529387e-02,3.150752e-01,5.431223e-03,3.047372e-01,-1.660494e-02,2.805633e-01,-2.707506e-02,2.434491e-01,-4.341616e-02,2.150982e-01,-6.051441e-02,1.916984e-01,-6.758313e-02,1.453169e-01,-4.831950e-02,1.467376e-01,-2.855901e-02,1.506693e-01,-1.679134e-02,1.570735e-01,-2.769275e-03,1.617511e-01,7.365821e-03,1.638402e-01,1.523587e-02,1.640115e-01,2.418582e-02,1.605481e-01,3.045528e-02,1.549776e-01,4.781498e-02,1.494367e-01,-1.785721e-01,1.336380e-01,-1.607715e-01,1.869315e-01,-1.203394e-01,2.434599e-01,-8.228780e-02,2.505237e-01,-3.696415e-02,2.582617e-01,-1.015214e-02,2.518308e-01,6.409642e-03,2.272911e-01,2.712346e-02,2.059693e-01,4.905117e-02,1.878953e-01,6.022011e-02,1.448894e-01
1.163966e-01,2.530662e-02,1.391440e-01,1.900332e-02,1.484616e-01,9.719610e-03,1.572077e-01,-5.555912e-03,1.620683e-01,-2.179278e-02,1.601023e-01,-2.293185e-02,1.499785e-01,-1.929948e-02,1.376648e-01,-1.961776e-02,1.211699e-01,-2.153181e-02,1.058252e-01,-2.604164e-02,1.603243e-01,-2.005709e-02,1.888133e-01,-5.604697e-03,2.087383e-01,9.731416e-03,2.009512e-01,2.978008e-02,2.013560e-01,4.697599e-02,1.732769e-01,6.076604e-02,1.579439e-01,7.078725e-02,1.247846e-01,7.379057e-02,1.049764e-01,7.661418e-02,2.618861e-02,-6.974292e-03,2.911517e-02,2.433099e-03,3.247109e-02,1.914253e-02,3.766949e-02,3.396561e-02,4.641617e-02,5.263556e-02,5.312130e-02,6.495468e-02,5.648938e-02,6.930190e-02,6.165929e-02,7.390167e-02,6.714799e-02,7.832806e-02,6.992146e-02,7.120778e-02
2.752247e-01,1.891904e-01,2.594582e-01,2.742221e-01,1.984655e-01,3.714483e-01,1.319569e-01,3.933406e-01,5.408347e-02,4.036627e-01,1.191644e-02,3.854497e-01,-1.205003e-02,3.421644e-01,-4.120042e-02,3.058341e-01,-7.039655e-02,2.745819e-01,-8.443079e-02,2.088636e-01,-5.363739e-02,2.131109e-01,-2.759889e-02,2.212806e-01,-1.479308e-02,2.320273e-01,4.198221e-04,2.395212e-01,1.047444e-02,2.425285e-01,1.700049e-02,2.421984e-01,2.443444e-02,2.357977e-01,2.977663e-02,2.258543e-01,5.164464e-02,2.148371e-01,-2.438095e-01,1.558403e-01,-2.360945e-01,2.212503e-01,-1.937630e-01,2.997925e-01,-1.481779e-01,3.198096e-01,-8.587180e-02,3.406737e-01,-4.470357e-02,3.417277e-01,-1.652483e-02,3.149677e-01,1.719094e-02,2.893535e-01,5.290344e-02,2.664998e-01,7.281951e-02,2.063441e-01
1.308821e-01,2.324320e-02,1.607207e-01,1.807417e-02,1.738826e-01,1.381142e-02,1.832936e-01,3.656981e-03,1.864451e-01,-1.335916e-02,1.850013e-01,-1.940037e-02,1.755576e-01,-2.013194e-02,1.635368e-01,-2.419513e-02,1.458832e-01,-2.888682e-02,1.291169e-01,-3.543567e-02,1.983982e-01,-2.952335e-02,2.382827e-01,-1.270676e-02,2.683900e-01,6.462125e-03,2.615589e-01,3.312293e-02,2.604443e-01,5.668375e-02,2.211308e-01,7.506138e-02,1.976793e-01,8.761615e-02,1.530281e-01,9.073500e-02,1.260475e-01,9.327856e-02,3.219188e-02,-7.418393e-03,3.663857e-02,1.659470e-03,3.997696e-02,1.787261e-02,4.423028e-02,3.286927e-02,5.218464e-02,5.424427e-02,5.915852e-02,7.042764e-02,6.322641e-02,7.800553e-02,7.002084e-02,8.576303e-02,7.770550e-02,9.300925e-02,8.230091e-02,8.580394e-02
3.342066e-01,1.902155e-01,3.416139e-01,2.775965e-01,2.940117e-01,3.940407e-01,2.313823e-01,4.391363e-01,1.336753e-01,4.822113e-01,6.877679e-02,4.828483e-01,2.557108e-02,4.418523e-01,-2.181448e-02,4.016952e-01,-6.813563e-02,3.645081e-01,-9.309811e-02,2.787330e-01,-4.801059e-02,2.880377e-01,-1.759091e-02,3.029139e-01,-7.563431e-03,3.196315e-01,4.653275e-03,3.305243e-01,1.165398e-02,3.340315e-01,1.404868e-02,3.322800e-01,1.694670e-02,3.213787e-01,1.968212e-02,3.052780e-01,4.499836e-02,2.863666e-01,-3.088838e-01,1.706995e-01,-3.162610e-01,2.442707e-01,-2.781011e-01,3.419770e-01,-2.310619e-01,3.756034e-01,-1.552140e-01,4.132980e-01,-9.926355e-02,4.275772e-01,-5.707324e-02,4.033784e-01,-7.165458e-03,3.763412e-01,4.615011e-02,3.503004e-01,7.800014e-02,2.723654e-01
1.405659e-01,2.127244e-02,1.757938e-01,1.664485e-02,1.924156e-01,1.638695e-02,2.029871e-01,1.111583e-02,2.040185e-01,-3.443390e-03,2.027315e-01,-1.327957e-02,1.945804e-01,-1.926659e-02,1.841367e-01,-2.852417e-02,1.669219e-01,-3.733029e-02,1.502225e-01,-4.650738e-02,2.348500e-01,-4.165655e-02,2.890313e-01,-2.344065e-02,3.335461e-01,-5.672603e-04,3.306540e-01,3.402891e-02,3.257304e-01,6.573314e-02,2.712970e-01,8.937141e-02,2.366561e-01,1.041972e-01,1.787754e-01,1.068408e-01,1.438214e-01,1.085133e-01,3.675454e-02,-7.329730e-03,4.274103e-02,1.410853e-03,4.636552e-02,1.662348e-02,4.979917e-02,3.076167e-02,5.620418e-02,5.298279e-02,6.238526e-02,7.196639e-02,6.650486e-02,8.289689e-02,7.468779e-02,9.437817e-02,8.483513e-02,1.051704e-01,9.178648e-02,9.865149e-02
3.890627e-01,1.912775e-01,4.175707e-01,2.781275e-01,3.840491e-01,4.051993e-01,3.320592e-01,4.620997e-01,2.313562e-01,5.278882e-01,1.483157e-01,5.602370e-01,8.223903e-02,5.336884e-01,1.137939e-02,4.965422e-01,-5.642418e-02,4.565076e-01,-9.553373e-02,3.514800e-01,-3.611401e-02,3.677711e-01,-4.056131e-03,3.907763e-01,1.041453e-03,4.138390e-01,9.805621e-03,4.279332e-01,1.426569e-02,4.317887e-01,1.067689e-02,4.283746e-01,5.886887e-03,4.120270e-01,3.558256e-03,3.884607e-01,3.010658e-02,3.597567e-01,-3.700033e-01,1.810257e-01,-3.940314e-01,2.594726e-01,-3.634493e-01,3.720330e-01,-3.198441e-01,4.168899e-01,-2.363891e-01,4.704956e-01,-1.682471e-01,5.016581e-01,-1.117764e-01,4.849642e-01,-4.387287e-02,4.602778e-01,2.977315e-02,4.335422e-01,7.610256e-02,3.388243e-01
1.453118e-01,1.846551e-02,1.846060e-01,1.299482e-02,2.049100e-01,1.407847e-02,2.185756e-01,1.144144e-02,2.205367e-01,7.732100e-04,2.173208e-01,-5.446766e-03,2.073718e-01,-1.319681e-02,1.970538e-01,-2.811905e-02,1.812998e-01,-4.337322e-02,1.665514e-01,-5.698623e-02,2.673009e-01,-5.462289e-02,3.403499e-01,-3.689912e-02,4.072118e-01,-1.131575e-02,4.157890e-01,3.289254e-02,3.992616e-01,7.520959e-02,3.210832e-01,1.037735e-01,2.709542e-01,1.193354e-01,1.987962e-01,1.202438e-01,1.564855e-01,1.204662e-01,3.919674e-02,-6.245262e-03,4.672878e-02,2.700414e-03,5.124698e-02,1.738528e-02,5.474037e-02,3.049635e-02,6.020310e-02,5.223828e-02,6.490285e-02,7.170796e-02,6.779357e-02,8.432171e-02,7.608384e-02,9.889801e-02,8.820241e-02,1.134061e-01,9.759400e-02,1.082350e-01
4.417119e-01,1.927836e-01,4.899192e-01,2.781946e-01,4.702236e-01,4.119310e-01,4.312335e-01,4.749203e-01,3.355990e-01,5.541583e-01,2.487512e-01,6.102135e-01,1.659219e-01,6.076658e-01,6.880667e-02,5.833591e-01,-2.630458e-02,5.468203e-01,-8.478298e-02,4.251529e-01,-1.069072e-02,4.517630e-01,1.883542e-02,4.859511e-01,1.426522e-02,5.173110e-01,1.587305e-02,5.354435e-01,1.175378e-02,5.385331e-01,-1.338317e-03,5.307854e-01,-1.651381e-02,5.061222e-01,-2.445732e-02,4.728745e-01,2.813808e-03,4.322536e-01,-4.294093e-01,1.890255e-01,-4.709163e-01,2.705249e-01,-4.496980e-01,3.951090e-01,-4.124606e-01,4.489240e-01,-3.259469e-01,5.159639e-01,-2.498571e-01,5.637663e-01,-1.809924e-01,5.576369e-01,-9.474904e-02,5.385197e-01,1.401425e-03,5.135371e-01,6.455777e-02,4.031981e-01
1.479304e-01,1.686944e-02,1.895297e-01,1.083451e-02,2.120386e-01,1.253985e-02,2.278238e-01,1.119704e-02,2.308514e-01,3.092596e-03,2.265183e-01,3.680907e-04,2.133374e-01,-5.202395e-03,2.006092e-01,-2.387354e-02,1.868119e-01,-4.740149e-02,1.762507e-01,-6.717782e-02,2.927494e-01,-6.901120e-02,3.903400e-01,-5.486468e-02,4.921830e-01,-2.876894e-02,5.290280e-01,2.795804e-02,4.837277e-01,8.598855e-02,3.701551e-01,1.190830e-01,2.996687e-01,1.336114e-01,2.124880e-01,1.314408e-01,1.638241e-01,1.296479e-01,4.081988e-02,-5.708984e-03,4.928519e-02,3.243812e-03,5.428941e-02,1.736158e-02,5.766272e-02,2.957883e-02,6.216922e-02,5.060795e-02,6.531849e-02,7.001603e-02,6.655726e-02,8.346931e-02,7.418746e-02,1.004811e-01,8.791761e-02,1.185914e-01,9.983731e-02,1.151148e-01
4.938347e-01,1.953714e-01,5.605100e-01,2.795307e-01,5.534035e-01,4.185524e-01,5.267663e-01,4.850896e-01,4.381289e-01,5.719191e-01,3.545500e-01,6.432203e-01,2.666561e-01,6.577757e-01,1.497936e-01,6.526932e-01,2.437144e-02,6.280185e-01,-5.869374e-02,4.950706e-01,2.862782e-02,5.359189e-01,4.781059e-02,5.862332e-01,2.190261e-02,6.291359e-01,1.802964e-02,6.509220e-01,1.213086e-02,6.514109e-01,-1.858813e-02,6.367539e-01,-4.955213e-02,5.997638e-01,-6.443287e-02,5.539521e-01,-3.607681e-02,4.996690e-01,-4.866634e-01,1.960028e-01,-5.453833e-01,2.795354e-01,-5.339164e-01,4.140521e-01,-5.041699e-01,4.748893e-01,-4.172227e-01,5.526182e-01,-3.366329e-01,6.148851e-01,-2.587660e-01,6.189180e-01,-1.563774e-01,6.069266e-01,-3.743085e-02,5.858416e-01,4.381127e-02,4.618112e-01
1.484037e-01,1.556619e-02,1.911331e-01,8.819370e-03,2.150069e-01,1.002345e-02,2.325026e-01,8.540998e-03,2.373594e-01,7.919739e-04,2.342642e-01,-5.389074e-04,2.207768e-01,-3.778099e-03,2.057233e-01,-2.077444e-02,1.903597e-01,-4.679817e-02,1.816241e-01,-7.113362e-02,3.072810e-01,-7.547621e-02,4.238644e-01,-6.555787e-02,5.747305e-01,-4.474985e-02,6.949272e-01,1.932441e-02,5.661868e-01,9.479860e-02,4.014056e-01,1.283435e-01,3.165012e-01,1.407396e-01,2.196851e-01,1.361934e-01,1.681986e-01,1.334279e-01,4.111899e-02,-4.898491e-03,5.022616e-02,4.402189e-03,5.584937e-02,1.867948e-02,5.972509e-02,3.071535e-02,6.449405e-02,5.151541e-02,6.744744e-02,7.058431e-02,6.804147e-02,8.372916e-02,7.496592e-02,1.010968e-01,8.877858e-02,1.204785e-01,1.015644e-01,1.179232e-01
5.461473e-01,1.983539e-01,6.309652e-01,2.814317e-01,6.359470e-01,4.254530e-01,6.210700e-01,4.949034e-01,5.395591e-01,5.868704e-01,4.614191e-01,6.689306e-01,3.742407e-01,6.945087e-01,2.487579e-01,7.019448e-01,9.662693e-02,6.931814e-01,-1.263846e-02,5.525429e-01,9.476912e-02,6.092426e-01,1.087356e-01,6.803669e-01,6.766777e-02,7.475071e-01,1.552593e-02,7.920973e-01,-3.254768e-02,7.758501e-01,-7.063338e-02,7.393840e-01,-1.094028e-01,6.840209e-01,-1.227452e-01,6.239430e-01,-8.762555e-02,5.559913e-01,-5.426771e-01,2.028071e-01,-6.181434e-01,2.880508e-01,-6.161904e-01,4.315300e-01,-5.938794e-01,4.984236e-01,-5.072020e-01,5.849893e-01,-4.235173e-01,6.594146e-01,-3.385688e-01,6.718221e-01,-2.226466e-01,6.654434e-01,-8.283367e-02,6.475429e-01,1.528593e-02,5.104865e-01
1.487598e-01,1.569489e-02,1.915687e-01,9.067611e-03,2.154431e-01,1.056360e-02,2.328403e-01,9.385432e-03,2.373437e-01,2.177822e-03,2.334855e-01,1.493789e-03,2.185183e-01,-9.944399e-04,2.012279e-01,-1.778616e-02,1.848612e-01,-4.588241e-02,1.785186e-01,-7.343549e-02,3.068860e-01,-8.037221e-02,4.350886e-01,-7.606796e-02,6.484799e-01,-7.115330e-02,9.998937e-01,6.563311e-06,6.365889e-01,1.114771e-01,4.094184e-01,1.364235e-01,3.189084e-01,1.448808e-01,2.183449e-01,1.380970e-01,1.666571e-01,1.344242e-01,4.138841e-02,-5.115393e-03,5.045443e-02,4.022911e-03,5.592791e-02,1.803324e-02,5.951738e-02,2.983362e-02,6.380509e-02,5.037994e-02,6.616795e-02,6.936326e-02,6.614077e-02,8.262692e-02,7.259321e-02,1.003995e-01,8.658899e-02,1.205031e-01,1.000494e-01,1.183997e-01
5.991711e-01,2.012422e-01,7.023708e-01,2.833499e-01,7.193245e-01,4.326653e-01,7.154712e-01,5.055476e-01,6.398406e-01,6.023959e-01,5.655934e-01,6.935334e-01,4.784281e-01,7.266339e-01,3.471720e-01,7.396799e-01,1.782290e-01,7.368943e-01,4.844456e-02,5.883093e-01,1.907972e-01,6.576827e-01,2.195998e-01,7.517306e-01,1.396460e-01,8.674244e-01,6.563311e-06,9.999644e-01,-1.104887e-01,9.065360e-01,-1.805423e-01,8.257650e-01,-1.985758e-01,7.466792e-01,-1.955680e-01,6.742634e-01,-1.459157e-01,5.953175e-01,-5.973960e-01,2.105669e-01,-6.883392e-01,2.978908e-01,-6.945586e-01,4.501615e-01,-6.780262e-01,5.227649e-01,-5.902025e-01,6.168058e-01,-5.025482e-01,7.007277e-01,-4.104434e-01,7.185857e-01,-2.827009e-01,7.142346e-01,-1.263521e-01,6.954509e-01,-1.556507e-02,5.452689e-01
5.802220e-07,-9.165377e-08,8.180218e-07,-3.146388e-07,9.933182e-07,-4.821654e-07,1.109527e-06,-5.261671e-07,1.157949e-06,-5.708630e-07,1.129109e-06,-5.327716e-07,1.049460e-06,-4.673180e-07,9.850033e-07,-4.530408e-07,9.093125e-07,-4.567939e-07,8.303434e-07,-4.295322e-07,1.200350e-06,-4.036880e-07,1.404720e-06,-3.228230e-07,1.586238e-06,-2.417685e-07,1.582769e-06,-1.193731e-07,1.696828e-06,-1.177780e-10,1.586490e-06,1.192917e-07,1.589984e-06,2.436568e-07,1.383097e-06,3.268179e-07,1.244797e-06,4.315828e-07,5.817151e-07,6.659662e-08,8.090673e-07,3.060464e-07,9.896106e-07,4.824413e-07,1.110171e-06,5.295452e-07,1.159732e-06,5.718304e-07,1.129331e-06,5.347235e-07,1.051409e-06,4.694873e-07,9.858159e-07,4.532560e-07,9.092831e-07,4.592849e-07,8.304839e-07,4.335928e-07
9.343172e-07,1.276968e-06,5.527153e-07,1.620734e-06,1.971140e-07,1.819948e-06,-3.810721e-08,1.677470e-06,-2.451940e-07,1.580673e-06,-3.165078e-07,1.422016e-06,-3.336107e-07,1.209135e-06,-3.847317e-07,1.053831e-06,-4.355728e-07,9.281200e-07,-4.404326e-07,7.028781e-07,-3.898459e-07,6.938638e-07,-2.937105e-07,6.897892e-07,-2.151864e-07,7.002341e-07,-1.021934e-07,7.045707e-07,-2.504451e-11,7.045517e-07,1.021933e-07,7.046233e-07,2.174749e-07,7.004938e-07,2.998126e-07,6.956090e-07,4.234204e-07,7.054462e-07,-9.662632e-07,1.280146e-06,-5.697360e-07,1.614535e-06,-2.032714e-07,1.821070e-06,3.802597e-08,1.679376e-06,2.465839e-07,1.581479e-06,3.197457e-07,1.425911e-06,3.357752e-07,1.210495e-06,3.841021e-07,1.052688e-06,4.380629e-07,9.311168e-07,4.450849e-07,7.073670e-07
1.624677e-02,-2.566216e-03,2.290533e-02,-8.810042e-03,2.781380e-02,-1.350100e-02,3.106778e-02,-1.473315e-02,3.242368e-02,-1.598471e-02,3.161615e-02,-1.491813e-02,2.938590e-02,-1.308537e-02,2.758106e-02,-1.268560e-02,2.546165e-02,-1.279069e-02,2.325044e-02,-1.202734e-02,3.361098e-02,-1.130368e-02,3.933356e-02,-9.039376e-03,4.441627e-02,-6.769771e-03,4.431914e-02,-3.342571e-03,4.751291e-02,-3.298967e-06,4.442332e-02,3.340291e-03,4.452115e-02,6.822643e-03,3.872809e-02,9.151236e-03,3.485556e-02,1.208476e-02,1.628859e-02,1.864593e-03,2.265460e-02,8.569448e-03,2.770999e-02,1.350873e-02,3.108582e-02,1.482774e-02,3.247359e-02,1.601179e-02,3.162236e-02,1.497278e-02,2.944048e-02,1.314611e-02,2.760382e-02,1.269162e-02,2.546083e-02,1.286044e-02,2.325437e-02,1.214103e-02
5.232369e-02,7.151111e-02,3.095402e-02,9.076233e-02,1.104004e-02,1.019188e-01,-2.132685e-03,9.394015e-02,-1.372997e-02,8.851964e-02,-1.772382e-02,7.963489e-02,-1.868179e-02,6.771338e-02,-2.154480e-02,5.901625e-02,-2.439215e-02,5.197629e-02,-2.466446e-02,3.936238e-02,-2.183136e-02,3.885765e-02,-1.644767e-02,3.862958e-02,-1.205034e-02,3.921460e-02,-5.722771e-03,3.945752e-02,-1.402896e-06,3.945647e-02,5.722767e-03,3.946047e-02,1.217850e-02,3.922914e-02,1.678941e-02,3.895550e-02,2.371158e-02,3.950627e-02,-5.411268e-02,7.168916e-02,-3.190716e-02,9.041521e-02,-1.138484e-02,1.019817e-01,2.128141e-03,9.404689e-02,1.380780e-02,8.856479e-02,1.790514e-02,7.985297e-02,1.880300e-02,6.778955e-02,2.150954e-02,5.895220e-02,2.453161e-02,5.214411e-02,2.492500e-02,3.961377e-02
3.525208e-02,5.728620e-03,4.314329e-02,-3.091701e-03,4.935850e-02,-1.364021e-02,5.502680e-02,-2.023703e-02,5.861307e-02,-2.612999e-02,5.859197e-02,-2.659872e-02,5.554095e-02,-2.465939e-02,5.283222e-02,-2.472614e-02,4.925675e-02,-2.545454e-02,4.538171e-02,-2.423850e-02,6.628329e-02,-2.314375e-02,7.869298e-02,-1.891063e-02,9.009150e-02,-1.440044e-02,9.087029e-02,-7.237376e-03,9.767205e-02,-2.463987e-05,9.107726e-02,7.196373e-03,9.029815e-02,1.446933e-02,7.752536e-02,1.911378e-02,6.876148e-02,2.465614e-02,3.556011e-02,-6.929448e-03,4.286087e-02,2.715313e-03,4.925244e-02,1.362558e-02,5.509332e-02,2.035616e-02,5.871469e-02,2.612538e-02,5.861413e-02,2.666558e-02,5.566579e-02,2.475005e-02,5.289440e-02,2.471012e-02,4.926194e-02,2.555725e-02,4.539371e-02,2.443604e-02
1.207172e-01,1.231425e-01,9.067608e-02,1.661869e-01,5.240016e-02,1.974660e-01,2.370637e-02,1.891861e-01,-4.200779e-03,1.835494e-01,-1.668166e-02,1.697267e-01,-2.259322e-02,1.477286e-01,-3.214740e-02,1.308530e-01,-4.183640e-02,1.167495e-01,-4.540573e-02,8.885070e-02,-3.604025e-02,8.939746e-02,-2.508636e-02,9.103525e-02,-1.819502e-02,9.403528e-02,-8.431714e-03,9.577012e-02,-9.324288e-06,9.612491e-02,8.406849e-03,9.577279e-02,1.847222e-02,9.404817e-02,2.616150e-02,9.178243e-02,4.000792e-02,9.057782e-02,-1.230719e-01,1.235330e-01,-9.173762e-02,1.657604e-01,-5.270656e-02,1.974909e-01,-2.359376e-02,1.892331e-01,4.355333e-03,1.835231e-01,1.707037e-02,1.701237e-01,2.282455e-02,1.478381e-01,3.204356e-02,1.306861e-01,4.216843e-02,1.170988e-01,4.604192e-02,8.939019e-02
5.234690e-02,1.318394e-02,6.106747e-02,4.300406e-03,6.742722e-02,-1.018791e-02,7.500660e-02,-2.266102e-02,8.140049e-02,-3.438292e-02,8.309760e-02,-3.739509e-02,8.001702e-02,-3.597288e-02,7.690885e-02,-3.680080e-02,7.223896e-02,-3.833852e-02,6.699395e-02,-3.675026e-02,9.846395e-02,-3.546622e-02,1.180807e-01,-2.943625e-02,1.365686e-01,-2.269361e-02,1.388894e-01,-1.155423e-02,1.496120e-01,-3.817602e-05,1.391951e-01,1.148926e-02,1.368692e-01,2.279088e-02,1.163694e-01,2.975048e-02,1.021814e-01,3.771400e-02,5.278744e-02,-1.460368e-02,6.075310e-02,-4.740689e-03,6.730492e-02,1.016116e-02,7.508234e-02,2.278577e-02,8.151526e-02,3.435401e-02,8.313192e-02,3.752022e-02,8.022155e-02,3.613276e-02,7.702089e-02,3.679020e-02,7.226007e-02,3.849279e-02,6.702634e-02,3.704539e-02
1.883132e-01,1.536063e-01,1.632938e-01,2.153145e-01,1.137325e-01,2.751154e-01,6.946603e-02,2.769037e-01,2.147095e-02,2.783109e-01,-3.640332e-03,2.642268e-01,-1.790181e-02,2.344030e-01,-3.683743e-02,2.100234e-01,-5.578843e-02,1.889405e-01,-6.440079e-02,1.443168e-01,-4.682770e-02,1.468256e-01,-3.059062e-02,1.514144e-01,-2.239450e-02,1.576231e-01,-1.037076e-02,1.612486e-01,-1.998377e-05,1.620244e-01,1.031049e-02,1.612524e-01,2.283619e-02,1.576322e-01,3.262576e-02,1.526560e-01,5.301919e-02,1.484932e-01,-1.907749e-01,1.539622e-01,-1.642028e-01,2.148077e-01,-1.139217e-01,2.750073e-01,-6.924986e-02,2.768004e-01,-2.128852e-02,2.781698e-01,4.220717e-03,2.647993e-01,1.823756e-02,2.345559e-01,3.666405e-02,2.097635e-01,5.635300e-02,1.894945e-01,6.548169e-02,1.451728e-01
6.802982e-02,1.602900e-02,7.998083e-02,8.969291e-03,8.584445e-02,-3.383692e-03,9.223340e-02,-1.738520e-02,9.872305e-02,-3.461608e-02,1.017088e-01,-4.221852e-02,9.933044e-02,-4.358857e-02,9.676744e-02,-4.681786e-02,9.200128e-02,-5.029121e-02,8.632863e-02,-4.906681e-02,1.287150e-01,-4.823005e-02,1.571648e-01,-4.098326e-02,1.849597e-01,-3.221628e-02,1.908267e-01,-1.673705e-02,2.064043e-01,-6.537124e-05,1.912329e-01,1.661881e-02,1.853610e-01,3.230731e-02,1.550174e-01,4.139577e-02,1.336781e-01,5.115942e-02,6.839478e-02,-1.744551e-02,7.955396e-02,-9.437605e-03,8.565734e-02,3.347676e-03,9.225451e-02,1.745262e-02,9.888672e-02,3.463481e-02,1.018965e-01,4.251448e-02,9.973602e-02,4.386684e-02,9.701110e-02,4.681838e-02,9.209502e-02,5.048450e-02,8.642819e-02,4.944660e-02
2.560165e-01,1.708006e-01,2.454375e-01,2.446849e-01,1.955865e-01,3.302742e-01,1.419343e-01,3.504216e-01,7.320250e-02,3.673864e-01,3.161998e-02,3.604411e-01,4.506966e-03,3.273975e-01,-2.804940e-02,2.976243e-01,-6.050671e-02,2.704580e-01,-7.747364e-02,2.074890e-01,-4.849710e-02,2.137518e-01,-2.761645e-02,2.234817e-01,-2.058470e-02,2.346368e-01,-9.483574e-03,2.412555e-01,-5.775190e-05,2.427383e-01,9.323021e-03,2.412533e-01,2.117524e-02,2.346155e-01,3.103137e-02,2.253007e-01,5.700293e-02,2.157418e-01,-2.584923e-01,1.708654e-01,-2.461861e-01,2.440189e-01,-1.957022e-01,3.299398e-01,-1.417062e-01,3.500415e-01,-7.306600e-02,3.670993e-01,-3.078042e-02,3.612821e-01,-4.005219e-03,3.276453e-01,2.784103e-02,2.972870e-01,6.138971e-02,2.712392e-01,7.912365e-02,2.086863e-01
7.918256e-02,1.584704e-02,9.519990e-02,9.632861e-03,1.024633e-01,-5.692252e-05,1.084575e-01,-1.220834e-02,1.131991e-01,-3.075291e-02,1.161016e-01,-4.250219e-02,1.141984e-01,-4.772717e-02,1.126116e-01,-5.462527e-02,1.085497e-01,-6.111496e-02,1.033240e-01,-6.100167e-02,1.568765e-01,-6.121911e-02,1.957043e-01,-5.338765e-02,2.352036e-01,-4.293021e-02,2.471321e-01,-2.282496e-02,2.689903e-01,-9.055910e-06,2.476075e-01,2.282079e-02,2.356028e-01,4.317065e-02,1.930128e-01,5.403630e-02,1.628460e-01,6.488267e-02,7.954009e-02,-1.723611e-02,9.472421e-02,-1.023166e-02,1.021256e-01,-1.593580e-04,1.081936e-01,1.219856e-02,1.131594e-01,3.094868e-02,1.162162e-01,4.304793e-02,1.145325e-01,4.813070e-02,1.127137e-01,5.465127e-02,1.085059e-01,6.139822e-02,1.033485e-01,6.152222e-02
3.185654e-01,1.799677e-01,3.265444e-01,2.598018e-01,2.843296e-01,3.648640e-01,2.309658e-01,4.025422e-01,1.465899e-01,4.416698e-01,8.751310e-02,4.500889e-01,4.411893e-02,4.199805e-01,-5.768037e-03,3.881716e-01,-5.549889e-02,3.566387e-01,-8.387302e-02,2.749758e-01,-4.140552e-02,2.867355e-01,-1.723965e-02,3.035444e-01,-1.403355e-02,3.210376e-01,-6.818762e-03,3.314127e-01,-2.641033e-04,3.337197e-01,6.254217e-03,3.313271e-01,1.461121e-02,3.208440e-01,2.242882e-02,3.058923e-01,5.225429e-02,2.887875e-01,-3.214378e-01,1.798683e-01,-3.274946e-01,2.592967e-01,-2.845082e-01,3.647535e-01,-2.306356e-01,4.020621e-01,-1.462179e-01,4.413051e-01,-8.604017e-02,4.512666e-01,-4.318119e-02,4.203309e-01,5.706569e-03,3.877168e-01,5.686014e-02,3.575872e-01,8.623650e-02,2.764537e-01
8.649995e-02,1.439887e-02,1.062300e-01,8.249577e-03,1.156059e-01,5.416282e-04,1.222197e-01,-9.258829e-03,1.256544e-01,-2.682849e-02,1.271620e-01,-3.979284e-02,1.244701e-01,-4.815909e-02,1.234374e-01,-5.939401e-02,1.206904e-01,-7.007103e-02,1.169035e-01,-7.199478e-02,1.815034e-01,-7.397878e-02,2.323797e-01,-6.654609e-02,2.870958e-01,-5.522651e-02,3.097645e-01,-3.046454e-02,3.412907e-01,-4.164405e-06,3.103162e-01,3.046724e-02,2.875300e-01,5.550404e-02,2.292954e-01,6.732580e-02,1.885895e-01,7.828839e-02,8.681774e-02,-1.570098e-02,1.057152e-01,-8.857842e-03,1.152217e-01,-7.726679e-04,1.218981e-01,9.268107e-03,1.256296e-01,2.710476e-02,1.272804e-01,4.040018e-02,1.248016e-01,4.857372e-02,1.234906e-01,5.936403e-02,1.206168e-01,7.039247e-02,1.169617e-01,7.263172e-02
3.774226e-01,1.860768e-01,4.045636e-01,2.685118e-01,3.729365e-01,3.872249e-01,3.259258e-01,4.371907e-01,2.352788e-01,4.953933e-01,1.623204e-01,5.255262e-01,1.015493e-01,5.057013e-01,3.135177e-02,4.767447e-01,-3.925286e-02,4.436367e-01,-8.213785e-02,3.440566e-01,-2.478761e-02,3.631859e-01,9.249596e-04,3.890073e-01,-2.188039e-03,4.142913e-01,-1.659597e-03,4.294733e-01,-1.828555e-04,4.329921e-01,1.149626e-03,4.294283e-01,2.992621e-03,4.140955e-01,6.416481e-03,3.921100e-01,3.756304e-02,3.651811e-01,-3.803101e-01,1.857327e-01,-4.053040e-01,2.679174e-01,-3.729969e-01,3.869540e-01,-3.255546e-01,4.365372e-01,-2.350319e-01,4.948604e-01,-1.605119e-01,5.269258e-01,-1.005765e-01,5.059385e-01,-3.168516e-02,4.760263e-01,4.077560e-02,4.446943e-01,8.501724e-02,3.458170e-01
9.173456e-02,1.365275e-02,1.140128e-01,7.757906e-03,1.248053e-01,1.908349e-03,1.316740e-01,-5.699304e-03,1.335919e-01,-2.156574e-02,1.329194e-01,-3.456203e-02,1.288098e-01,-4.585078e-02,1.282697e-01,-6.207330e-02,1.277342e-01,-7.805885e-02,1.266396e-01,-8.278054e-02,2.018710e-01,-8.739036e-02,2.666836e-01,-8.159299e-02,3.411885e-01,-7.048501e-02,3.813535e-01,-4.090981e-02,4.290715e-01,-1.261607e-05,3.819342e-01,4.088531e-02,3.415862e-01,7.074039e-02,2.633011e-01,8.243323e-02,2.101664e-01,9.228610e-02,9.202980e-02,-1.487014e-02,1.134912e-01,-8.339226e-03,1.244399e-01,-2.122122e-03,1.313850e-01,5.693028e-03,1.335873e-01,2.178983e-02,1.330268e-01,3.517546e-02,1.291705e-01,4.627188e-02,1.283330e-01,6.197691e-02,1.277186e-01,7.842003e-02,1.268360e-01,8.354965e-02
4.334573e-01,1.913626e-01,4.789763e-01,2.748946e-01,4.583400e-01,4.033970e-01,4.200526e-01,4.612475e-01,3.291566e-01,5.327941e-01,2.498762e-01,5.818429e-01,1.753029e-01,5.773166e-01,8.400406e-02,5.572225e-01,-1.073899e-02,5.271748e-01,-7.150748e-02,4.122383e-01,9.585894e-05,4.410325e-01,2.327292e-02,4.780978e-01,8.935537e-03,5.125485e-01,-4.844533e-04,5.326882e-01,-2.886511e-04,5.370375e-01,-3.408726e-04,5.326288e-01,-8.165639e-03,5.122239e-01,-1.328887e-02,4.819467e-01,1.457560e-02,4.428363e-01,-4.363911e-01,1.908007e-01,-4.795587e-01,2.741696e-01,-4.583509e-01,4.029058e-01,-4.197324e-01,4.603361e-01,-3.290986e-01,5.320681e-01,-2.478949e-01,5.833672e-01,-1.742428e-01,5.775722e-01,-8.439992e-02,5.563800e-01,1.264541e-02,5.284298e-01,7.509509e-02,4.143244e-01
9.361636e-02,1.198831e-02,1.177868e-01,5.437015e-03,1.302988e-01,-2.855872e-04,1.386438e-01,-7.108851e-03,1.412752e-01,-2.177557e-02,1.399673e-01,-3.311663e-02,1.338809e-01,-4.328342e-02,1.313366e-01,-6.094205e-02,1.311007e-01,-8.103150e-02,1.320582e-01,-8.885610e-02,2.151400e-01,-9.572812e-02,2.919844e-01,-9.236478e-02,3.889611e-01,-8.416610e-02,4.609758e-01,-5.317079e-02,5.457323e-01,-1.643084e-05,4.616706e-01,5.314376e-02,3.894051e-01,8.447420e-02,2.876504e-01,9.306324e-02,2.245134e-01,1.010473e-01,9.388705e-02,-1.314771e-02,1.172590e-01,-5.992461e-03,1.299547e-01,8.886426e-05,1.383865e-01,7.069646e-03,1.412507e-01,2.191697e-02,1.400640e-01,3.377750e-02,1.342441e-01,4.372300e-02,1.314019e-01,6.083211e-02,1.311794e-01,8.143042e-02,1.324494e-01,8.974049e-02
4.885313e-01,1.961009e-01,5.523278e-01,2.800171e-01,5.430975e-01,4.165333e-01,5.148401e-01,4.802191e-01,4.268877e-01,5.617299e-01,3.463290e-01,6.262782e-01,2.638210e-01,6.353070e-01,1.548756e-01,6.265671e-01,3.483872e-02,6.028343e-01,-4.630958e-02,4.745762e-01,4.374203e-02,5.146749e-01,6.624033e-02,5.658810e-01,4.030765e-02,6.141139e-01,1.560351e-02,6.458619e-01,-4.105325e-04,6.552889e-01,-1.678411e-02,6.457767e-01,-3.954511e-02,6.136431e-01,-5.358688e-02,5.703322e-01,-2.758968e-02,5.159395e-01,-4.915324e-01,1.953370e-01,-5.527739e-01,2.791728e-01,-5.430739e-01,4.158246e-01,-5.145873e-01,4.790202e-01,-4.270226e-01,5.607887e-01,-3.441868e-01,6.279132e-01,-2.627337e-01,6.355210e-01,-1.553998e-01,6.255509e-01,-3.246600e-02,6.043218e-01,5.072196e-02,4.769999e-01
9.482391e-02,1.162192e-02,1.197450e-01,5.039065e-03,1.327928e-01,-2.139588e-04,1.414006e-01,-6.342366e-03,1.436769e-01,-2.000709e-02,1.411819e-01,-3.029263e-02,1.330577e-01,-3.984364e-02,1.283444e-01,-5.851626e-02,1.283898e-01,-8.227971e-02,1.319147e-01,-9.310261e-02,2.196851e-01,-1.025108e-01,3.065962e-01,-1.028084e-01,4.300940e-01,-1.009547e-01,5.522884e-01,-7.301848e-02,7.243895e-01,6.365987e-06,5.529633e-01,7.303739e-02,4.303520e-01,1.013098e-01,3.011422e-01,1.031926e-01,2.301164e-01,1.080130e-01,9.508477e-02,-1.275680e-02,1.192111e-01,-5.585500e-03,1.324492e-01,2.002235e-05,1.411394e-01,6.281546e-03,1.436182e-01,2.012072e-02,1.412779e-01,3.103339e-02,1.334708e-01,4.037405e-02,1.285417e-01,5.849289e-02,1.286635e-01,8.266806e-02,1.326181e-01,9.405050e-02
5.427582e-01,2.011553e-01,6.240984e-01,2.854572e-01,6.255334e-01,4.292314e-01,6.065688e-01,4.977369e-01,5.217072e-01,5.866067e-01,4.415825e-01,6.627614e-01,3.547755e-01,6.814821e-01,2.339958e-01,6.810591e-01,9.146068e-02,6.650337e-01,-1.005319e-02,5.261297e-01,1.018537e-01,5.778614e-01,1.262990e-01,6.452089e-01,8.791363e-02,7.135767e-01,2.285350e-02,7.668692e-01,-1.534645e-04,7.888678e-01,-2.331767e-02,7.668089e-01,-8.577091e-02,7.133962e-01,-1.129872e-01,6.500165e-01,-8.499677e-02,5.781793e-01,-5.458042e-01,2.002442e-01,-6.243585e-01,2.845294e-01,-6.254037e-01,4.283120e-01,-6.063112e-01,4.961935e-01,-5.220127e-01,5.853372e-01,-4.393754e-01,6.643498e-01,-3.539230e-01,6.814500e-01,-2.348845e-01,6.799491e-01,-8.873270e-02,6.667438e-01,1.519026e-02,5.287938e-01
9.487470e-02,1.101431e-02,1.202273e-01,4.099541e-03,1.337979e-01,-1.446208e-03,1.430316e-01,-7.685578e-03,1.460005e-01,-2.139202e-02,1.440381e-01,-3.140987e-02,1.361086e-01,-4.045039e-02,1.312138e-01,-5.873130e-02,1.307719e-01,-8.250435e-02,1.342105e-01,-9.387935e-02,2.238104e-01,-1.034377e-01,3.138452e-01,-1.040905e-01,4.478665e-01,-1.032426e-01,6.029446e-01,-7.138864e-02,9.998866e-01,1.396530e-08,6.035260e-01,7.142756e-02,4.478564e-01,1.035528e-01,3.082948e-01,1.043708e-01,2.346444e-01,1.090868e-01,9.512568e-02,-1.213951e-02,1.196853e-01,-4.642117e-03,1.334495e-01,1.261275e-03,1.427703e-01,7.637090e-03,1.459429e-01,2.151912e-02,1.441541e-01,3.218858e-02,1.365816e-01,4.103400e-02,1.314896e-01,5.871500e-02,1.310806e-01,8.285889e-02,1.349902e-01,9.485932e-02
5.966458e-01,2.065907e-01,6.950174e-01,2.914977e-01,7.064206e-01,4.425169e-01,6.956384e-01,5.158401e-01,6.126985e-01,6.111969e-01,5.319141e-01,6.968950e-01,4.402281e-01,7.225266e-01,3.090255e-01,7.258298e-01,1.494245e-01,7.108826e-01,3.303789e-02,5.596866e-01,1.764187e-01,6.189231e-01,2.210863e-01,6.988817e-01,1.978206e-01,7.881811e-01,1.661937e-01,8.869161e-01,1.396530e-08,9.999645e-01,-1.663676e-01,8.869155e-01,-1.951955e-01,7.881270e-01,-2.066593e-01,7.041216e-01,-1.597176e-01,6.177556e-01,-5.997451e-01,2.055524e-01,-6.951056e-01,2.904921e-01,-7.062064e-01,4.414013e-01,-6.953918e-01,5.139930e-01,-6.131582e-01,6.096490e-01,-5.296855e-01,6.983675e-01,-4.396369e-01,7.222517e-01,-3.102250e-01,7.247306e-01,-1.462961e-01,7.128305e-01,-2.718136e-02,5.624611e-01
1.221808e-07,-2.962955e-07,3.067804e-07,-4.873038e-07,4.574100e-07,-6.698734e-07,5.664171e-07,-7.226297e-07,6.607909e-07,-8.076897e-07,6.899348e-07,-8.237888e-07,6.791546e-07,-7.851366e-07,6.992212e-07,-7.797817e-07,7.221553e-07,-7.815803e-07,7.193846e-07,-6.834199e-07,9.838559e-07,-6.963164e-07,1.168263e-06,-6.705258e-07,1.384256e-06,-6.426898e-07,1.452210e-06,-5.642148e-07,1.653266e-06,-4.668650e-07,1.644176e-06,-3.470823e-07,1.749102e-06,-1.915755e-07,1.604577e-06,-5.906996e-08,1.479797e-06,1.155094e-07,1.109584e-06,5.628868e-07,1.689322e-06,7.511466e-07,1.925009e-06,7.306220e-07,1.981538e-06,5.678101e-07,1.888829e-06,4.521815e-07,1.714825e-06,2.878190e-07,1.512079e-06,1.585964e-07,1.331771e-06,1.200467e-07,1.134660e-06,1.189532e-07,9.628300e-07,1.605814e-07
7.001230e-07,9.564340e-07,4.010051e-07,1.289444e-06,8.461197e-08,1.516831e-06,-1.461367e-07,1.440048e-06,-3.478764e-07,1.376661e-06,-4.190629e-07,1.235195e-06,-4.289504e-07,1.039136e-06,-4.582489e-07,8.948375e-07,-4.781749e-07,7.794024e-07,-4.603575e-07,5.910607e-07,-4.552645e-07,5.717917e-07,-3.830489e-07,5.501546e-07,-3.110699e-07,5.396062e-07,-1.875379e-07,5.214810e-07,-6.094214e-08,5.038132e-07,8.450001e-08,4.942990e-07,2.535962e-07,4.962422e-07,3.801312e-07,5.106092e-07,5.246090e-07,5.536768e-07,-7.388920e-07,1.794304e-06,-4.715061e-08,2.161956e-06,3.840028e-07,2.188501e-06,5.692182e-07,1.839940e-06,6.697840e-07,1.602570e-06,6.386907e-07,1.348637e-06,5.715506e-07,1.081254e-06,5.544141e-07,9.044094e-07,5.469787e-07,7.750919e-07,5.070991e-07,5.784440e-07
5.217808e-03,-1.497667e-03,7.485778e-03,-6.122591e-03,1.019821e-02,-1.205062e-02,1.287291e-02,-1.541444e-02,1.571795e-02,-1.917772e-02,1.709848e-02,-2.077440e-02,1.734329e-02,-2.054628e-02,1.824406e-02,-2.086889e-02,1.914626e-02,-2.122999e-02,1.931382e-02,-1.875902e-02,2.679839e-02,-1.928494e-02,3.242400e-02,-1.870837e-02,3.906340e-02,-1.795883e-02,4.151561e-02,-1.565208e-02,4.749634e-02,-1.270175e-02,4.724200e-02,-9.085097e-03,4.987682e-02,-4.539607e-03,4.530695e-02,-7.942490e-04,4.135034e-02,3.960811e-03,3.379595e-02,-5.014825e-03,4.149988e-02,4.252004e-03,4.680165e-02,9.592762e-03,4.970323e-02,1.050722e-02,4.886058e-02,1.011571e-02,4.551128e-02,7.186398e-03,4.089180e-02,4.494523e-03,3.644317e-02,3.761841e-03,3.130523e-02,3.886959e-03,2.676471e-02,5.061354e-03
5.068279e-02,5.523254e-02,3.697345e-02,7.331153e-02,2.057096e-02,8.732045e-02,7.982643e-03,8.435296e-02,-4.675756e-03,8.263223e-02,-1.049025e-02,7.674691e-02,-1.317383e-02,6.686999e-02,-1.732636e-02,5.922045e-02,-2.132143e-02,5.280065e-02,-2.254940e-02,4.030784e-02,-1.935832e-02,4.037370e-02,-1.489434e-02,4.074761e-02,-1.197230e-02,4.165863e-02,-7.131639e-03,4.185567e-02,-2.481515e-03,4.145346e-02,2.901555e-03,4.089132e-02,9.656351e-03,4.011997e-02,1.515176e-02,3.955145e-02,2.307654e-02,4.006046e-02,-6.235131e-02,1.018050e-01,-2.807623e-02,1.173319e-01,-4.278812e-03,1.215015e-01,8.315138e-03,1.054611e-01,1.811025e-02,9.545765e-02,2.026287e-02,8.397823e-02,1.979468e-02,7.019534e-02,2.191101e-02,6.059386e-02,2.477027e-02,5.336881e-02,2.504722e-02,4.030645e-02
1.088209e-02,-2.550612e-04,1.406888e-02,-8.455752e-03,1.861343e-02,-2.027371e-02,2.371731e-02,-2.780052e-02,2.953566e-02,-3.600973e-02,3.265672e-02,-3.982935e-02,3.349148e-02,-3.987518e-02,3.548677e-02,-4.081148e-02,3.743350e-02,-4.174499e-02,3.792157e-02,-3.704108e-02,5.292045e-02,-3.819751e-02,6.449438e-02,-3.714647e-02,7.822078e-02,-3.566568e-02,8.359717e-02,-3.096059e-02,9.590600e-02,-2.486175e-02,9.547065e-02,-1.738481e-02,1.005623e-01,-8.111027e-03,9.105516e-02,-5.767941e-04,8.289186e-02,8.851838e-03,6.412500e-02,-1.558695e-02,7.640712e-02,4.461433e-04,8.690919e-02,1.421211e-02,9.445979e-02,1.911607e-02,9.470755e-02,2.004722e-02,8.940504e-02,1.503958e-02,8.102048e-02,9.981636e-03,7.258748e-02,8.540093e-03,6.259260e-02,8.763497e-03,5.368794e-02,1.095611e-02
1.091751e-01,9.974302e-02,8.918925e-02,1.370000e-01,5.838735e-02,1.699000e-01,3.252758e-02,1.689166e-01,4.586310e-03,1.692219e-01,-9.809398e-03,1.602817e-01,-1.770557e-02,1.418728e-01,-2.845755e-02,1.269836e-01,-3.895827e-02,1.141388e-01,-4.327569e-02,8.741657e-02,-3.482872e-02,8.851221e-02,-2.588333e-02,9.050328e-02,-2.120948e-02,9.339017e-02,-1.308028e-02,9.447572e-02,-5.257274e-03,9.386217e-02,4.145882e-03,9.257438e-02,1.642572e-02,9.040075e-02,2.677019e-02,8.836475e-02,4.292896e-02,8.814897e-02,-1.358437e-01,1.578578e-01,-8.725214e-02,2.080789e-01,-3.693923e-02,2.341553e-01,-4.877590e-03,2.134405e-01,2.120089e-02,1.981186e-01,2.991151e-02,1.774739e-01,3.197209e-02,1.504425e-01,3.864533e-02,1.309572e-01,4.676367e-02,1.160853e-01,4.901895e-02,8.790269e-02
1.886819e-02,3.019333e-03,2.210502e-02,-5.818779e-03,2.612619e-02,-2.077752e-02,3.156544e-02,-3.248511e-02,3.915878e-02,-4.611943e-02,4.405902e-02,-5.380508e-02,4.603188e-02,-5.573560e-02,4.963321e-02,-5.837328e-02,5.316122e-02,-6.065062e-02,5.453062e-02,-5.437730e-02,7.718883e-02,-5.655002e-02,9.569149e-02,-5.539635e-02,1.178690e-01,-5.335319e-02,1.276242e-01,-4.612058e-02,1.473997e-01,-3.640315e-02,1.469969e-01,-2.439971e-02,1.536979e-01,-9.878886e-03,1.377238e-01,1.530446e-03,1.239001e-01,1.523103e-02,9.422130e-02,-2.255442e-02,1.111568e-01,-1.082029e-02,1.211649e-01,2.870468e-03,1.297074e-01,1.428472e-02,1.315995e-01,2.172175e-02,1.267688e-01,1.893791e-02,1.168860e-01,1.422606e-02,1.059638e-01,1.337345e-02,9.214998e-02,1.437030e-02,7.966972e-02,1.784986e-02
1.764341e-01,1.334476e-01,1.600180e-01,1.874128e-01,1.202153e-01,2.436018e-01,8.251903e-02,2.507084e-01,3.717366e-02,2.584471e-01,1.082393e-02,2.512729e-01,-5.991694e-03,2.271635e-01,-2.722827e-02,2.062631e-01,-4.843692e-02,1.873985e-01,-5.909332e-02,1.440822e-01,-4.169542e-02,1.479193e-01,-2.820941e-02,1.537603e-01,-2.373092e-02,1.606052e-01,-1.528669e-02,1.640677e-01,-7.389399e-03,1.639007e-01,2.719765e-03,1.618204e-01,1.723365e-02,1.571520e-01,3.044561e-02,1.519301e-01,5.454634e-02,1.484955e-01,-2.123558e-01,1.822916e-01,-1.745932e-01,2.561429e-01,-1.090771e-01,3.235082e-01,-5.507297e-02,3.150692e-01,-5.225586e-03,3.046993e-01,1.711688e-02,2.811305e-01,2.729086e-02,2.435675e-01,4.311557e-02,2.148219e-01,6.100862e-02,1.922968e-01,6.862432e-02,1.462242e-01
2.593843e-02,5.820339e-03,2.937908e-02,-2.852501e-03,3.260235e-02,-1.927374e-02,3.769040e-02,-3.402358e-02,4.633788e-02,-5.264122e-02,5.285442e-02,-6.457928e-02,5.613873e-02,-6.907229e-02,6.154610e-02,-7.397283e-02,6.692667e-02,-7.806705e-02,6.952060e-02,-7.071921e-02,9.981601e-02,-7.414563e-02,1.258635e-01,-7.316230e-02,1.575140e-01,-7.070379e-02,1.729453e-01,-6.085110e-02,2.013734e-01,-4.707794e-02,2.014345e-01,-2.987111e-02,2.091215e-01,-9.562946e-03,1.854575e-01,5.834325e-03,1.650287e-01,2.353173e-02,1.167674e-01,-2.701656e-02,1.384493e-01,-1.946897e-02,1.482255e-01,-9.488263e-03,1.574088e-01,5.976133e-03,1.622380e-01,2.166141e-02,1.599645e-01,2.296575e-02,1.502696e-01,1.959507e-02,1.379607e-01,1.973858e-02,1.210843e-01,2.170967e-02,1.055685e-01,2.634474e-02
2.414907e-01,1.557975e-01,2.354309e-01,2.218476e-01,1.937290e-01,3.000859e-01,1.484960e-01,3.202270e-01,8.613971e-02,3.410003e-01,4.573167e-02,3.409361e-01,1.717870e-02,3.147919e-01,-1.727799e-02,2.897692e-01,-5.194259e-02,2.658219e-01,-7.111099e-02,2.052311e-01,-4.322531e-02,2.130335e-01,-2.610487e-02,2.241090e-01,-2.376739e-02,2.359318e-01,-1.708550e-02,2.423176e-01,-1.051744e-02,2.426581e-01,-5.326726e-04,2.396677e-01,1.538223e-02,2.321732e-01,3.066850e-02,2.231849e-01,6.219087e-02,2.153286e-01,-2.777267e-01,1.892088e-01,-2.601501e-01,2.734542e-01,-1.985346e-01,3.710586e-01,-1.316744e-01,3.931013e-01,-5.413562e-02,4.032748e-01,-1.148516e-02,3.861471e-01,1.219816e-02,3.423735e-01,4.073040e-02,3.055380e-01,7.111805e-02,2.754743e-01,8.597280e-02,2.101699e-01
3.200659e-02,6.266719e-03,3.697654e-02,-2.070056e-03,4.016245e-02,-1.798194e-02,4.431510e-02,-3.290874e-02,5.213147e-02,-5.417842e-02,5.885563e-02,-6.992318e-02,6.285252e-02,-7.772246e-02,6.994943e-02,-8.585764e-02,7.748976e-02,-9.269574e-02,8.184213e-02,-8.520639e-02,1.198411e-01,-9.028658e-02,1.544106e-01,-8.995658e-02,1.972471e-01,-8.748608e-02,2.207917e-01,-7.511692e-02,2.605088e-01,-5.674111e-02,2.621642e-01,-3.315571e-02,2.687985e-01,-6.180322e-03,2.341882e-01,1.313661e-02,2.042468e-01,3.387614e-02,1.314291e-01,-2.493037e-02,1.601086e-01,-1.903924e-02,1.733524e-01,-1.440144e-02,1.826727e-01,-3.985137e-03,1.862560e-01,1.372357e-02,1.850301e-01,2.019791e-02,1.761379e-01,2.090958e-02,1.639885e-01,2.452149e-02,1.458071e-01,2.920564e-02,1.288274e-01,3.587101e-02
3.060437e-01,1.707932e-01,3.152420e-01,2.448189e-01,2.777199e-01,3.421616e-01,2.310708e-01,3.760365e-01,1.551987e-01,4.135668e-01,1.003892e-01,4.263231e-01,5.767040e-02,4.029602e-01,6.814980e-03,3.767007e-01,-4.501277e-02,3.492644e-01,-7.579674e-02,2.708275e-01,-3.465962e-02,2.843456e-01,-1.461076e-02,3.027720e-01,-1.661177e-02,3.213801e-01,-1.480739e-02,3.321347e-01,-1.235050e-02,3.337694e-01,-5.319546e-03,3.301452e-01,8.209955e-03,3.191477e-01,2.277168e-02,3.049616e-01,5.956385e-02,2.900934e-01,-3.372848e-01,1.900626e-01,-3.427062e-01,2.771843e-01,-2.940984e-01,3.940996e-01,-2.307632e-01,4.385059e-01,-1.328428e-01,4.817126e-01,-6.684997e-02,4.840576e-01,-2.405050e-02,4.423392e-01,2.233029e-02,4.013006e-01,6.997767e-02,3.654503e-01,9.581357e-02,2.801758e-01
3.660026e-02,6.121285e-03,4.316174e-02,-1.928860e-03,4.668338e-02,-1.684003e-02,5.006871e-02,-3.085359e-02,5.632693e-02,-5.289043e-02,6.219974e-02,-7.134936e-02,6.622475e-02,-8.253241e-02,7.472601e-02,-9.444321e-02,8.465371e-02,-1.047488e-01,9.127253e-02,-9.789745e-02,1.366764e-01,-1.049978e-01,1.804729e-01,-1.058751e-01,2.362466e-01,-1.039618e-01,2.709644e-01,-8.934682e-02,3.258930e-01,-6.571479e-02,3.315193e-01,-3.397996e-02,3.341478e-01,1.005440e-03,2.843708e-01,2.417544e-02,2.416922e-01,4.688009e-02,1.410128e-01,-2.266378e-02,1.751201e-01,-1.741621e-02,1.918347e-01,-1.669654e-02,2.024330e-01,-1.093613e-02,2.040809e-01,4.168944e-03,2.028123e-01,1.398823e-02,1.948999e-01,1.974066e-02,1.841633e-01,2.855007e-02,1.664175e-01,3.754839e-02,1.496156e-01,4.699563e-02
3.671953e-01,1.812885e-01,3.933612e-01,2.600607e-01,3.634271e-01,3.723465e-01,3.202103e-01,4.175792e-01,2.366080e-01,4.710617e-01,1.699514e-01,5.003775e-01,1.126983e-01,4.847688e-01,4.355803e-02,4.609967e-01,-2.821561e-02,4.324975e-01,-7.318987e-02,3.370840e-01,-1.759410e-02,3.579041e-01,3.814381e-03,3.854260e-01,-5.056572e-03,4.122435e-01,-1.113281e-02,4.284380e-01,-1.453788e-02,4.318108e-01,-1.018468e-02,4.279341e-01,-1.317951e-04,4.137274e-01,1.112124e-02,3.939512e-01,4.916775e-02,3.699759e-01,-3.920140e-01,1.908386e-01,-4.183555e-01,2.775475e-01,-3.841134e-01,4.050009e-01,-3.316369e-01,4.615242e-01,-2.310494e-01,5.274009e-01,-1.463218e-01,5.618045e-01,-8.124161e-02,5.339016e-01,-1.183606e-02,4.957546e-01,5.780103e-02,4.575339e-01,9.828368e-02,3.532391e-01
3.902058e-02,5.031454e-03,4.711945e-02,-3.261514e-03,5.152729e-02,-1.765812e-02,5.497845e-02,-3.065598e-02,6.029482e-02,-5.219952e-02,6.467610e-02,-7.108363e-02,6.745947e-02,-8.396938e-02,7.608641e-02,-9.901015e-02,8.792203e-02,-1.129624e-01,9.691604e-02,-1.073964e-01,1.484021e-01,-1.166106e-01,2.008037e-01,-1.192756e-01,2.704121e-01,-1.191122e-01,3.206018e-01,-1.038114e-01,3.993587e-01,-7.528047e-02,4.167940e-01,-3.295651e-02,4.079676e-01,1.170415e-02,3.352805e-01,3.776690e-02,2.755417e-01,6.070217e-02,1.456550e-01,-1.961364e-02,1.839083e-01,-1.354739e-02,2.044655e-01,-1.414757e-02,2.183062e-01,-1.120607e-02,2.207650e-01,-3.045493e-04,2.173632e-01,6.006291e-03,2.077002e-01,1.357602e-02,1.970500e-01,2.799151e-02,1.807780e-01,4.361584e-02,1.659910e-01,5.761644e-02
4.265131e-01,1.895178e-01,4.703712e-01,2.712426e-01,4.497181e-01,3.956210e-01,4.127965e-01,4.498677e-01,3.260129e-01,5.167260e-01,2.517792e-01,5.623296e-01,1.819942e-01,5.574422e-01,9.434588e-02,5.393566e-01,5.442738e-04,5.122935e-01,-6.093862e-02,4.011536e-01,1.140006e-02,4.307066e-01,3.409391e-02,4.692055e-01,1.744701e-02,5.064300e-01,6.495461e-04,5.308826e-01,-1.228757e-02,5.385946e-01,-1.679195e-02,5.354497e-01,-1.363892e-02,5.170034e-01,-8.435881e-03,4.900183e-01,2.567694e-02,4.536909e-01,-4.446433e-01,1.920626e-01,-4.905230e-01,2.773814e-01,-4.702967e-01,4.113870e-01,-4.309952e-01,4.740550e-01,-3.355426e-01,5.535981e-01,-2.466570e-01,6.118697e-01,-1.647498e-01,6.080362e-01,-6.911175e-02,5.826041e-01,2.815608e-02,5.480348e-01,8.828684e-02,4.272007e-01
4.065151e-02,4.511177e-03,4.967610e-02,-3.806322e-03,5.455863e-02,-1.764216e-02,5.789095e-02,-2.976686e-02,6.226320e-02,-5.060050e-02,6.508369e-02,-6.935879e-02,6.621388e-02,-8.310960e-02,7.418356e-02,-1.006001e-01,8.754510e-02,-1.181110e-01,9.899103e-02,-1.141932e-01,1.549799e-01,-1.255559e-01,2.150090e-01,-1.305219e-01,2.990219e-01,-1.333488e-01,3.695467e-01,-1.191266e-01,4.837483e-01,-8.607463e-02,5.300769e-01,-2.806546e-02,4.928884e-01,2.913405e-02,3.845303e-01,5.568766e-02,3.026926e-01,7.603827e-02,1.482740e-01,-1.792350e-02,1.888651e-01,-1.134917e-02,2.116617e-01,-1.262420e-02,2.276084e-01,-1.111004e-02,2.309249e-01,-2.927082e-03,2.264573e-01,2.315193e-04,2.136256e-01,5.577189e-03,2.004756e-01,2.357243e-02,1.863959e-01,4.781554e-02,1.759519e-01,6.812849e-02
4.836533e-01,1.966730e-01,5.449380e-01,2.803459e-01,5.339542e-01,4.147349e-01,5.044454e-01,4.760772e-01,4.171041e-01,5.535722e-01,3.387091e-01,6.133146e-01,2.597687e-01,6.187485e-01,1.558339e-01,6.078697e-01,3.978401e-02,5.843824e-01,-3.945483e-02,4.594758e-01,5.162367e-02,4.986608e-01,7.612469e-02,5.497587e-01,5.059590e-02,6.001456e-01,1.759643e-02,6.368875e-01,-1.314140e-02,6.515057e-01,-1.993499e-02,6.508597e-01,-2.211506e-02,6.283579e-01,-3.318994e-02,5.910651e-01,-1.148174e-02,5.376436e-01,-4.968379e-01,1.944864e-01,-5.609820e-01,2.786346e-01,-5.534302e-01,4.178143e-01,-5.265721e-01,4.839084e-01,-4.382911e-01,5.710475e-01,-3.522936e-01,6.449984e-01,-2.653532e-01,6.581364e-01,-1.501802e-01,6.515638e-01,-2.192362e-02,6.295394e-01,6.321213e-02,4.976314e-01
4.093817e-02,3.691782e-03,5.060278e-02,-4.996181e-03,5.610768e-02,-1.901121e-02,5.995913e-02,-3.097982e-02,6.463090e-02,-5.160134e-02,6.727571e-02,-6.997879e-02,6.777301e-02,-8.341285e-02,7.503048e-02,-1.012388e-01,8.842531e-02,-1.200067e-01,1.006658e-01,-1.169682e-01,1.589353e-01,-1.292004e-01,2.227037e-01,-1.353164e-01,3.159319e-01,-1.403860e-01,4.007080e-01,-1.282447e-01,5.658195e-01,-9.467210e-02,6.950441e-01,-1.930816e-02,5.741621e-01,4.496751e-02,4.167009e-01,6.542297e-02,3.191239e-01,8.273579e-02,1.486896e-01,-1.657174e-02,1.904059e-01,-9.291045e-03,2.145713e-01,-1.001991e-02,2.322484e-01,-8.317094e-03,2.374313e-01,-4.180685e-04,2.343791e-01,1.521479e-03,2.215596e-01,4.677304e-03,2.063997e-01,2.081583e-02,1.904996e-01,4.700611e-02,1.819258e-01,7.202404e-02
5.396124e-01,2.036253e-01,6.178842e-01,2.889469e-01,6.163436e-01,4.324094e-01,5.941891e-01,4.999174e-01,5.069718e-01,5.862353e-01,4.257167e-01,6.579069e-01,3.394351e-01,6.718815e-01,2.218104e-01,6.665428e-01,8.546919e-02,6.459223e-01,-1.034248e-02,5.079620e-01,1.036812e-01,5.558687e-01,1.360374e-01,6.192603e-01,1.112515e-01,6.842662e-01,7.008182e-02,7.394212e-01,3.245725e-02,7.758026e-01,-1.538220e-02,7.920198e-01,-6.421519e-02,7.475866e-01,-9.521187e-02,6.856285e-01,-7.751684e-02,6.098931e-01,-5.491453e-01,1.973229e-01,-6.311898e-01,2.804470e-01,-6.358015e-01,4.244430e-01,-6.208385e-01,4.932227e-01,-5.399529e-01,5.854537e-01,-4.592594e-01,6.704828e-01,-3.735809e-01,6.943075e-01,-2.500200e-01,7.006584e-01,-9.402761e-02,6.950518e-01,1.770024e-02,5.553808e-01
4.119417e-02,3.903421e-03,5.081704e-02,-4.626566e-03,5.617498e-02,-1.838504e-02,5.974883e-02,-3.012955e-02,6.395393e-02,-5.050191e-02,6.601758e-02,-6.878297e-02,6.590488e-02,-8.233393e-02,7.267963e-02,-1.005375e-01,8.621312e-02,-1.200261e-01,9.908765e-02,-1.174316e-01,1.572395e-01,-1.302123e-01,2.216025e-01,-1.372430e-01,3.183501e-01,-1.444849e-01,4.086294e-01,-1.362656e-01,6.359507e-01,-1.112772e-01,9.998935e-01,-6.541836e-06,6.468290e-01,7.119816e-02,4.268597e-01,7.535865e-02,3.207472e-01,8.804629e-02,1.490281e-01,-1.669464e-02,1.908151e-01,-9.533683e-03,2.149747e-01,-1.054566e-02,2.325489e-01,-9.137147e-03,2.373820e-01,-1.747766e-03,2.336472e-01,-3.648238e-04,2.194679e-01,2.081517e-03,2.021798e-01,1.791984e-02,1.852429e-01,4.597925e-02,1.794215e-01,7.455575e-02
5.942300e-01,2.114806e-01,6.882124e-01,2.988413e-01,6.947753e-01,4.511830e-01,6.783347e-01,5.244821e-01,5.898575e-01,6.182528e-01,5.048367e-01,6.992570e-01,4.111772e-01,7.187995e-01,2.816371e-01,7.153803e-01,1.292609e-01,6.936536e-01,2.100707e-02,5.426271e-01,1.617834e-01,5.963099e-01,2.106186e-01,6.691234e-01,2.008387e-01,7.468823e-01,1.800902e-01,8.257853e-01,1.104357e-01,9.065199e-01,-6.541836e-06,9.999644e-01,-1.372809e-01,8.674702e-01,-2.071670e-01,7.567209e-01,-1.711965e-01,6.565859e-01,-6.022198e-01,2.000580e-01,-7.024443e-01,2.822800e-01,-7.191388e-01,4.314443e-01,-7.153275e-01,5.035392e-01,-6.404757e-01,6.007449e-01,-5.633974e-01,6.951662e-01,-4.778841e-01,7.264523e-01,-3.482986e-01,7.387737e-01,-1.744777e-01,7.390402e-01,-4.148346e-02,5.914028e-01
-2.394320e-07,-2.110338e-07,-2.188838e-07,-3.933131e-07,-1.375743e-07,-6.519105e-07,-4.521052e-08,-7.910855e-07,1.004092e-07,-9.664212e-07,2.021382e-07,-1.073825e-06,2.746209e-07,-1.087126e-06,3.895761e-07,-1.103655e-06,5.195407e-07,-1.110599e-06,5.995534e-07,-9.443753e-07,7.619988e-07,-1.000312e-06,9.363816e-07,-1.032705e-06,1.197103e-06,-1.058917e-06,1.342008e-06,-1.023097e-06,1.630307e-06,-9.457841e-07,1.717241e-06,-8.242798e-07,1.914645e-06,-6.370455e-07,1.821378e-06,-4.558074e-07,1.694944e-06,-2.151280e-07,2.079761e-06,-2.785947e-08,2.625898e-06,5.731611e-07,2.831265e-06,5.579184e-07,2.793133e-06,3.564996e-07,2.545316e-06,1.638209e-07,2.236784e-06,-6.907409e-08,1.923740e-06,-2.193702e-07,1.638436e-06,-2.571704e-07,1.327929e-06,-2.523456e-07,1.069828e-06,-1.316181e-07
8.059886e-07,7.913185e-07,6.316070e-07,1.083405e-06,3.835311e-07,1.340901e-06,1.752801e-07,1.333183e-06,-4.627123e-08,1.335067e-06,-1.579056e-07,1.258262e-06,-2.140568e-07,1.106394e-06,-2.893842e-07,9.848445e-07,-3.587990e-07,8.813288e-07,-3.811691e-07,6.759180e-07,-3.362328e-07,6.786756e-07,-2.731004e-07,6.850006e-07,-2.368171e-07,6.975807e-07,-1.630705e-07,6.941047e-07,-8.597219e-08,6.780543e-07,1.623229e-08,6.593670e-07,1.531729e-07,6.415841e-07,2.728690e-07,6.341941e-07,4.295219e-07,6.535553e-07,-1.160972e-06,2.764203e-06,-1.552094e-07,2.813186e-06,3.039309e-07,2.597169e-06,4.510210e-07,2.064514e-06,5.343385e-07,1.763317e-06,4.987118e-07,1.488249e-06,4.391963e-07,1.206656e-06,4.446540e-07,1.024082e-06,4.713744e-07,8.913880e-07,4.590472e-07,6.670131e-07
-6.704306e-03,-5.909084e-03,-6.128965e-03,-1.101307e-02,-3.852235e-03,-1.825405e-02,-1.265965e-03,-2.215111e-02,2.811528e-03,-2.706069e-02,5.660044e-03,-3.006810e-02,7.689634e-03,-3.044055e-02,1.090849e-02,-3.090340e-02,1.454763e-02,-3.109786e-02,1.678807e-02,-2.644343e-02,2.133671e-02,-2.800972e-02,2.621960e-02,-2.891674e-02,3.352008e-02,-2.965070e-02,3.757757e-02,-2.864770e-02,4.565022e-02,-2.648287e-02,4.808448e-02,-2.308063e-02,5.361201e-02,-1.783788e-02,5.100041e-02,-1.276303e-02,4.746013e-02,-6.023766e-03,5.823512e-02,-7.808042e-04,7.352736e-02,1.604882e-02,7.927802e-02,1.562223e-02,7.821042e-02,9.982396e-03,7.127136e-02,4.587216e-03,6.263218e-02,-1.934077e-03,5.386666e-02,-6.142526e-03,4.587785e-02,-7.200977e-03,3.718335e-02,-7.065887e-03,2.995626e-02,-3.685405e-03
4.513697e-02,4.431473e-02,3.537164e-02,6.067191e-02,2.147920e-02,7.509212e-02,9.816927e-03,7.466001e-02,-2.590297e-03,7.476571e-02,-8.842074e-03,7.046465e-02,-1.198675e-02,6.195995e-02,-1.620534e-02,5.515307e-02,-2.009284e-02,4.935607e-02,-2.134573e-02,3.785269e-02,-1.882907e-02,3.800720e-02,-1.529355e-02,3.836151e-02,-1.326172e-02,3.906610e-02,-9.131940e-03,3.887152e-02,-4.814486e-03,3.797272e-02,9.089253e-04,3.692622e-02,8.577601e-03,3.593030e-02,1.528063e-02,3.551637e-02,2.405338e-02,3.660051e-02,-6.501926e-02,1.547966e-01,-8.695541e-03,1.575404e-01,1.701781e-02,1.454444e-01,2.525582e-02,1.156156e-01,2.992225e-02,9.874843e-02,2.792747e-02,8.334442e-02,2.459478e-02,6.757495e-02,2.490062e-02,5.735056e-02,2.639721e-02,4.991950e-02,2.570702e-02,3.735409e-02
-1.039658e-02,-6.580759e-03,-1.128116e-02,-1.489849e-02,-8.668507e-03,-2.855064e-02,-4.681445e-03,-3.728071e-02,2.809364e-03,-4.801598e-02,8.578800e-03,-5.518238e-02,1.295938e-02,-5.708140e-02,1.957497e-02,-5.877374e-02,2.702106e-02,-5.973215e-02,3.176108e-02,-5.113520e-02,4.096849e-02,-5.446404e-02,5.134639e-02,-5.646631e-02,6.672108e-02,-5.799871e-02,7.574704e-02,-5.592897e-02,9.268656e-02,-5.137501e-02,9.799677e-02,-4.422082e-02,1.090643e-01,-3.340064e-02,1.033073e-01,-2.311862e-02,9.573997e-02,-9.762444e-03,1.120691e-01,-2.260915e-02,1.327117e-01,-2.363072e-03,1.412974e-01,9.500085e-03,1.436304e-01,1.137231e-02,1.349845e-01,7.043474e-03,1.214196e-01,-2.922507e-03,1.061418e-01,-1.000053e-02,9.134716e-02,-1.188689e-02,7.462687e-02,-1.166423e-02,6.054952e-02,-5.297207e-03
1.037937e-01,8.575674e-02,9.023788e-02,1.191250e-01,6.458466e-02,1.518838e-01,4.140115e-02,1.546644e-01,1.420650e-02,1.584708e-01,-1.186681e-03,1.531276e-01,-1.058917e-02,1.376780e-01,-2.259524e-02,1.245695e-01,-3.433027e-02,1.128917e-01,-3.979372e-02,8.691112e-02,-3.117093e-02,8.873699e-02,-2.360843e-02,9.147376e-02,-2.095790e-02,9.478178e-02,-1.500599e-02,9.586746e-02,-8.946824e-03,9.478085e-02,-3.100334e-04,9.270591e-02,1.236207e-02,8.973011e-02,2.427359e-02,8.730112e-02,4.231953e-02,8.726655e-02,-1.611118e-01,2.125593e-01,-8.489681e-02,2.779584e-01,-1.906903e-02,2.861362e-01,1.303516e-02,2.421247e-01,3.433537e-02,2.133474e-01,3.782408e-02,1.848734e-01,3.608222e-02,1.533021e-01,4.078643e-02,1.319792e-01,4.790729e-02,1.162706e-01,4.949149e-02,8.749457e-02
-1.277863e-02,-6.198473e-03,-1.533312e-02,-1.659662e-02,-1.310143e-02,-3.538246e-02,-8.429124e-03,-4.860167e-02,1.805414e-03,-6.503214e-02,1.023459e-02,-7.661857e-02,1.691421e-02,-8.054622e-02,2.682509e-02,-8.387074e-02,3.800840e-02,-8.594158e-02,4.530584e-02,-7.399337e-02,5.919670e-02,-7.914807e-02,7.535310e-02,-8.232477e-02,9.917647e-02,-8.468700e-02,1.137717e-01,-8.154625e-02,1.402283e-01,-7.450160e-02,1.489770e-01,-6.337589e-02,1.659518e-01,-4.671632e-02,1.569492e-01,-3.108286e-02,1.453787e-01,-1.109487e-02,1.507562e-01,-3.551598e-02,1.764755e-01,-2.213549e-02,1.894159e-01,-2.386033e-03,1.994258e-01,1.273828e-02,1.941919e-01,1.255938e-02,1.787430e-01,9.668587e-05,1.585151e-01,-9.929691e-03,1.376664e-01,-1.310677e-02,1.132866e-01,-1.321722e-02,9.247966e-02,-4.547761e-03
1.656567e-01,1.189668e-01,1.544507e-01,1.675008e-01,1.208555e-01,2.206981e-01,8.757959e-02,2.306506e-01,4.468716e-02,2.419202e-01,1.815102e-02,2.389839e-01,1.901392e-04,2.187560e-01,-2.197971e-02,2.003903e-01,-4.407207e-02,1.832756e-01,-5.568605e-02,1.416063e-01,-3.923169e-02,1.461599e-01,-2.804362e-02,1.525610e-01,-2.630993e-02,1.595322e-01,-2.040648e-02,1.625584e-01,-1.426089e-02,1.614181e-01,-3.957789e-03,1.580883e-01,1.296084e-02,1.525375e-01,2.999185e-02,1.473602e-01,5.806012e-02,1.452549e-01,-2.395079e-01,2.193801e-01,-1.858764e-01,3.128554e-01,-9.557317e-02,3.929114e-01,-2.769326e-02,3.651375e-01,2.207912e-02,3.352328e-01,3.791681e-02,2.967827e-01,4.155000e-02,2.497396e-01,5.299495e-02,2.164555e-01,6.773225e-02,1.916169e-01,7.289565e-02,1.444640e-01
-1.343971e-02,-5.956888e-03,-1.701258e-02,-1.722138e-02,-1.571605e-02,-3.873099e-02,-1.168762e-02,-5.482048e-02,-4.388359e-04,-7.603045e-02,9.667613e-03,-9.225369e-02,1.828261e-02,-9.909480e-02,3.132837e-02,-1.048806e-01,4.630911e-02,-1.087748e-01,5.642700e-02,-9.438835e-02,7.501903e-02,-1.015828e-01,9.750007e-02,-1.061910e-01,1.306024e-01,-1.095980e-01,1.520840e-01,-1.055335e-01,1.896535e-01,-9.588502e-02,2.031590e-01,-8.029174e-02,2.264232e-01,-5.707916e-02,2.130015e-01,-3.571315e-02,1.957874e-01,-9.392202e-03,1.757315e-01,-3.102951e-02,2.149018e-01,-2.298424e-02,2.325179e-01,-1.670716e-02,2.439853e-01,-3.964017e-03,2.407060e-01,5.963474e-03,2.272161e-01,-1.282213e-03,2.059726e-01,-9.814189e-03,1.816073e-01,-1.245726e-02,1.510442e-01,-1.226711e-02,1.244329e-01,-1.331845e-03
2.327664e-01,1.450065e-01,2.304641e-01,2.060609e-01,1.942736e-01,2.801190e-01,1.543291e-01,3.006690e-01,9.615504e-02,3.235073e-01,5.679486e-02,3.276364e-01,2.748761e-02,3.060126e-01,-8.215097e-03,2.842298e-01,-4.457986e-02,2.625613e-01,-6.549563e-02,2.035657e-01,-3.774560e-02,2.125484e-01,-2.292437e-02,2.248080e-01,-2.383528e-02,2.374637e-01,-2.083559e-02,2.441761e-01,-1.767187e-02,2.440832e-01,-9.267801e-03,2.399488e-01,8.040864e-03,2.311785e-01,2.742041e-02,2.217325e-01,6.450479e-02,2.149513e-01,-3.025577e-01,2.087444e-01,-2.812349e-01,3.091954e-01,-2.054031e-01,4.279037e-01,-1.182439e-01,4.575576e-01,-3.004101e-02,4.513423e-01,9.718606e-03,4.150803e-01,2.733066e-02,3.575490e-01,5.127266e-02,3.133845e-01,7.852274e-02,2.795025e-01,9.089015e-02,2.114932e-01
-1.322221e-02,-5.044188e-03,-1.777413e-02,-1.641772e-02,-1.768366e-02,-3.935024e-02,-1.485647e-02,-5.733443e-02,-3.575347e-03,-8.239625e-02,7.542174e-03,-1.030498e-01,1.775042e-02,-1.131914e-01,3.363548e-02,-1.218812e-01,5.226763e-02,-1.280594e-01,6.528635e-02,-1.120588e-01,8.844936e-02,-1.213785e-01,1.175291e-01,-1.275779e-01,1.604569e-01,-1.321795e-01,1.899940e-01,-1.273112e-01,2.403449e-01,-1.149176e-01,2.603311e-01,-9.425501e-02,2.909560e-01,-6.351064e-02,2.721087e-01,-3.582857e-02,2.481336e-01,-3.308730e-03,1.917814e-01,-2.891107e-02,2.394132e-01,-2.445971e-02,2.612488e-01,-2.799344e-02,2.732401e-01,-2.288145e-02,2.745177e-01,-2.383851e-03,2.684644e-01,2.687643e-04,2.504935e-01,-4.984563e-03,2.251034e-01,-6.765829e-03,1.896396e-01,-6.494257e-03,1.578843e-01,5.904136e-03
2.964951e-01,1.637124e-01,3.066922e-01,2.336720e-01,2.725177e-01,3.259146e-01,2.302943e-01,3.576812e-01,1.598035e-01,3.943513e-01,1.079112e-01,4.094904e-01,6.599249e-02,3.902491e-01,1.493319e-02,3.675683e-01,-3.796416e-02,3.429473e-01,-7.019862e-02,2.669884e-01,-3.012966e-02,2.816217e-01,-1.294933e-02,3.011029e-01,-1.876214e-02,3.205333e-01,-2.137956e-02,3.316593e-01,-2.339715e-02,3.327852e-01,-1.794298e-02,3.276804e-01,3.467554e-05,3.155203e-01,2.230763e-02,3.017601e-01,6.824564e-02,2.896863e-01,-3.564268e-01,1.998272e-01,-3.629946e-01,2.964505e-01,-3.086289e-01,4.298684e-01,-2.323304e-01,4.873215e-01,-1.121546e-01,5.395595e-01,-3.829294e-02,5.277574e-01,2.783367e-03,4.692881e-01,4.425592e-02,4.163028e-01,8.653563e-02,3.731154e-01,1.074917e-01,2.830077e-01
-1.311384e-02,-5.573553e-03,-1.758491e-02,-1.722102e-02,-1.777898e-02,-4.069344e-02,-1.578774e-02,-5.897701e-02,-5.301323e-03,-8.564470e-02,5.412636e-03,-1.089864e-01,1.593985e-02,-1.219025e-01,3.364987e-02,-1.336168e-01,5.541006e-02,-1.425177e-01,7.124139e-02,-1.258915e-01,9.854415e-02,-1.373313e-01,1.340136e-01,-1.453104e-01,1.869533e-01,-1.515594e-01,2.260921e-01,-1.466466e-01,2.927822e-01,-1.320490e-01,3.240815e-01,-1.057450e-01,3.647501e-01,-6.558090e-02,3.368479e-01,-3.052116e-02,3.001796e-01,7.010129e-03,1.978829e-01,-2.352833e-02,2.524895e-01,-1.730126e-02,2.819603e-01,-2.295050e-02,3.015756e-01,-2.309597e-02,3.048273e-01,-1.237406e-02,2.993279e-01,-1.062067e-02,2.827097e-01,-9.267385e-03,2.592717e-01,-4.359318e-03,2.224119e-01,-1.794320e-04,1.882900e-01,1.549184e-02
3.603921e-01,1.774902e-01,3.863814e-01,2.537057e-01,3.580254e-01,3.619562e-01,3.175821e-01,4.045850e-01,2.384779e-01,4.555834e-01,1.755680e-01,4.846847e-01,1.205107e-01,4.714120e-01,5.231287e-02,4.504320e-01,-1.996639e-02,4.245105e-01,-6.613510e-02,3.315943e-01,-1.057147e-02,3.533501e-01,9.317616e-03,3.820153e-01,-2.068575e-03,4.102797e-01,-1.253847e-02,4.282623e-01,-2.256727e-02,4.329333e-01,-2.432253e-02,4.287109e-01,-1.108114e-02,4.137478e-01,8.439175e-03,3.946297e-01,5.767622e-02,3.736716e-01,-4.043329e-01,1.942046e-01,-4.339238e-01,2.851595e-01,-3.999040e-01,4.229183e-01,-3.437326e-01,4.902514e-01,-2.305659e-01,5.710152e-01,-1.288516e-01,6.132760e-01,-5.634303e-02,5.727279e-01,1.170873e-02,5.206565e-01,7.658080e-02,4.723264e-01,1.119606e-01,3.606681e-01
-1.285987e-02,-5.876196e-03,-1.721950e-02,-1.761043e-02,-1.761462e-02,-4.120223e-02,-1.632409e-02,-5.940148e-02,-6.752394e-03,-8.679004e-02,3.104688e-03,-1.117331e-01,1.326086e-02,-1.266843e-01,3.192606e-02,-1.410753e-01,5.619335e-02,-1.527269e-01,7.459528e-02,-1.361531e-01,1.052720e-01,-1.495722e-01,1.464711e-01,-1.594234e-01,2.091530e-01,-1.677378e-01,2.591916e-01,-1.636223e-01,3.465475e-01,-1.475161e-01,3.959928e-01,-1.148493e-01,4.523982e-01,-6.205147e-02,4.080526e-01,-1.816469e-02,3.518275e-01,2.281802e-02,2.012440e-01,-2.025822e-02,2.599498e-01,-1.277828e-02,2.941470e-01,-1.925044e-02,3.191083e-01,-2.180857e-02,3.253767e-01,-1.730381e-02,3.201955e-01,-2.057438e-02,3.045390e-01,-1.754400e-02,2.844014e-01,-3.191489e-03,2.494321e-01,8.177235e-03,2.158466e-01,2.860564e-02
4.212010e-01,1.880141e-01,4.638875e-01,2.683952e-01,4.432953e-01,3.898496e-01,4.073721e-01,4.416846e-01,3.233821e-01,5.055280e-01,2.523282e-01,5.490550e-01,1.854253e-01,5.440898e-01,1.001090e-01,5.271392e-01,7.208869e-03,5.017665e-01,-5.441385e-02,3.931347e-01,1.833905e-02,4.229636e-01,4.100774e-02,4.621064e-01,2.362735e-02,5.008060e-01,3.335774e-03,5.279267e-01,-1.780935e-02,5.385655e-01,-3.163436e-02,5.368575e-01,-2.508483e-02,5.195381e-01,-6.058171e-03,4.959107e-01,3.916271e-02,4.639318e-01,-4.527943e-01,1.926705e-01,-5.020114e-01,2.797210e-01,-4.836583e-01,4.195613e-01,-4.445653e-01,4.887250e-01,-3.438264e-01,5.796183e-01,-2.443486e-01,6.493356e-01,-1.489671e-01,6.510478e-01,-4.498821e-02,6.173436e-01,5.071933e-02,5.715678e-01,1.062225e-01,4.412208e-01
-1.294330e-02,-6.286551e-03,-1.716012e-02,-1.817619e-02,-1.753968e-02,-4.190648e-02,-1.653405e-02,-6.000274e-02,-7.445304e-03,-8.765029e-02,1.750826e-03,-1.132631e-01,1.135786e-02,-1.291781e-01,3.023146e-02,-1.451468e-01,5.596783e-02,-1.587436e-01,7.612047e-02,-1.424150e-01,1.088710e-01,-1.572208e-01,1.538523e-01,-1.685413e-01,2.237254e-01,-1.788696e-01,2.827500e-01,-1.764541e-01,3.931289e-01,-1.610940e-01,4.742424e-01,-1.234094e-01,5.659133e-01,-5.338390e-02,4.889285e-01,1.843990e-04,4.002161e-01,4.075056e-02,2.020175e-01,-1.819218e-02,2.626491e-01,-9.563099e-03,2.994472e-01,-1.521008e-02,3.282129e-01,-1.726877e-02,3.387701e-01,-1.415561e-02,3.375620e-01,-2.079436e-02,3.222693e-01,-2.389406e-02,2.997859e-01,-9.985758e-03,2.668878e-01,1.209787e-02,2.370654e-01,4.117827e-02
4.801465e-01,1.969457e-01,5.397675e-01,2.803820e-01,5.277329e-01,4.132764e-01,4.975870e-01,4.730467e-01,4.108482e-01,5.480496e-01,3.338259e-01,6.050081e-01,2.568129e-01,6.085464e-01,1.555206e-01,5.963756e-01,4.205741e-02,5.723420e-01,-3.542781e-02,4.490408e-01,5.698786e-02,4.871376e-01,8.456308e-02,5.373949e-01,6.395669e-02,5.878489e-01,3.544912e-02,6.271349e-01,3.584431e-03,6.484919e-01,-2.451977e-02,6.555814e-01,-3.637967e-02,6.393097e-01,-2.675734e-02,6.088773e-01,2.571339e-03,5.597793e-01,-5.016266e-01,1.932533e-01,-5.688667e-01,2.774104e-01,-5.640576e-01,4.188779e-01,-5.400079e-01,4.876855e-01,-4.523422e-01,5.814066e-01,-3.638229e-01,6.651385e-01,-2.693771e-01,6.887651e-01,-1.405599e-01,6.899884e-01,-5.539383e-03,6.629168e-01,7.928050e-02,5.212005e-01
-1.288595e-02,-6.300397e-03,-1.711420e-02,-1.815041e-02,-1.761353e-02,-4.179907e-02,-1.692493e-02,-5.974396e-02,-8.325249e-03,-8.739649e-02,2.702928e-04,-1.132971e-01,9.343368e-03,-1.297470e-01,2.811273e-02,-1.466422e-01,5.464626e-02,-1.614870e-01,7.592358e-02,-1.454577e-01,1.094889e-01,-1.611562e-01,1.564049e-01,-1.735614e-01,2.307556e-01,-1.856952e-01,2.956105e-01,-1.856662e-01,4.311336e-01,-1.733360e-01,5.573655e-01,-1.327425e-01,7.351903e-01,-3.216884e-02,5.762863e-01,2.725308e-02,4.377495e-01,6.023326e-02,2.024498e-01,-1.743746e-02,2.638653e-01,-8.395134e-03,3.017077e-01,-1.379987e-02,3.320383e-01,-1.568979e-02,3.443577e-01,-1.327944e-02,3.447893e-01,-2.163789e-02,3.297013e-01,-2.762760e-02,3.045472e-01,-1.658228e-02,2.710577e-01,1.177938e-02,2.481912e-01,5.272581e-02
5.371395e-01,2.056445e-01,6.129814e-01,2.917910e-01,6.091351e-01,4.350394e-01,5.846107e-01,5.017376e-01,4.957294e-01,5.861889e-01,4.137963e-01,6.546760e-01,3.280582e-01,6.653909e-01,2.127009e-01,6.569468e-01,8.042474e-02,6.337178e-01,-1.175040e-02,4.967067e-01,1.024867e-01,5.422616e-01,1.384421e-01,6.031334e-01,1.201241e-01,6.657106e-01,8.854889e-02,7.200607e-01,4.887819e-02,7.595300e-01,-1.285822e-02,7.838416e-01,-2.717690e-02,7.814523e-01,-5.247028e-02,7.329785e-01,-5.621493e-02,6.543877e-01,-5.521049e-01,1.944529e-01,-6.375003e-01,2.763555e-01,-6.457187e-01,4.203894e-01,-6.352569e-01,4.897527e-01,-5.584648e-01,5.851301e-01,-4.805591e-01,6.770190e-01,-3.952025e-01,7.091808e-01,-2.659370e-01,7.268601e-01,-9.514985e-02,7.341246e-01,2.704619e-02,5.928337e-01
-1.301606e-02,-6.547111e-03,-1.714632e-02,-1.852962e-02,-1.751942e-02,-4.232824e-02,-1.671304e-02,-6.032423e-02,-7.984597e-03,-8.807198e-02,6.663146e-04,-1.140367e-01,9.725953e-03,-1.305119e-01,2.851218e-02,-1.475332e-01,5.517724e-02,-1.626180e-01,7.666398e-02,-1.466351e-01,1.107863e-01,-1.625330e-01,1.585494e-01,-1.751545e-01,2.347660e-01,-1.876451e-01,3.022377e-01,-1.878215e-01,4.493583e-01,-1.754783e-01,6.108792e-01,-1.269994e-01,9.998917e-01,-1.406725e-05,6.219833e-01,3.072515e-02,4.549526e-01,6.398915e-02,2.023320e-01,-1.694046e-02,2.640526e-01,-7.575937e-03,3.023799e-01,-1.255889e-02,3.335036e-01,-1.405960e-02,3.469680e-01,-1.132805e-02,3.488429e-01,-1.974476e-02,3.353976e-01,-2.607400e-02,3.113667e-01,-1.621775e-02,2.775818e-01,1.140450e-02,2.556959e-01,5.517232e-02
5.925815e-01,2.152662e-01,6.833113e-01,3.044869e-01,6.863639e-01,4.578337e-01,6.660192e-01,5.309920e-01,5.739057e-01,6.236362e-01,4.864272e-01,7.014724e-01,3.920144e-01,7.170443e-01,2.639615e-01,7.097107e-01,1.160182e-01,6.845573e-01,1.233039e-02,5.340594e-01,1.501533e-01,5.848196e-01,1.996380e-01,6.538567e-01,1.937764e-01,7.258352e-01,1.756576e-01,7.947010e-01,1.522227e-01,8.571283e-01,1.311779e-01,9.312067e-01,-1.406725e-05,9.999644e-01,-1.820593e-01,8.424488e-01,-1.725399e-01,7.182241e-01,-6.040912e-01,1.949599e-01,-7.087156e-01,2.744981e-01,-7.307848e-01,4.215818e-01,-7.343081e-01,4.924200e-01,-6.679510e-01,5.904365e-01,-5.994958e-01,6.903180e-01,-5.223230e-01,7.288024e-01,-3.966508e-01,7.534003e-01,-2.119136e-01,7.737997e-01,-5.718306e-02,6.357088e-01
-7.157949e-07,-4.149149e-07,-7.494758e-07,-6.547122e-07,-6.639041e-07,-1.007638e-06,-5.539454e-07,-1.182480e-06,-3.391694e-07,-1.411678e-06,-1.715311e-07,-1.567667e-06,-2.836697e-08,-1.587702e-06,1.792539e-07,-1.596079e-06,4.155617e-07,-1.584483e-06,5.714589e-07,-1.313205e-06,6.290990e-07,-1.406292e-06,7.704752e-07,-1.490786e-06,1.048007e-06,-1.569968e-06,1.233100e-06,-1.579375e-06,1.575527e-06,-1.529585e-06,1.733677e-06,-1.417658e-06,2.006228e-06,-1.209500e-06,1.964545e-06,-9.847735e-07,1.826411e-06,-6.800738e-07,4.117975e-06,2.225912e-06,5.186793e-06,1.453028e-06,4.658734e-06,5.713944e-07,4.022302e-06,-5.919366e-08,3.343752e-06,-3.917596e-07,2.774266e-06,-6.912777e-07,2.295844e-06,-8.318927e-07,1.878575e-06,-8.349029e-07,1.440386e-06,-7.982517e-07,1.093015e-06,-5.576049e-07
5.307798e-07,5.865212e-07,3.746684e-07,8.174394e-07,1.667052e-07,1.015100e-06,-9.092605e-09,1.007540e-06,-1.827579e-07,9.993914e-07,-2.627915e-07,9.216510e-07,-2.913674e-07,7.901624e-07,-3.270056e-07,6.883439e-07,-3.514236e-07,6.053504e-07,-3.450894e-07,4.634730e-07,-3.453895e-07,4.534654e-07,-3.061458e-07,4.408611e-07,-2.740861e-07,4.323324e-07,-1.996719e-07,4.104976e-07,-1.154537e-07,3.821596e-07,2.288430e-09,3.570324e-07,1.578857e-07,3.447937e-07,2.940702e-07,3.531915e-07,4.386040e-07,3.970540e-07,5.581795e-07,4.408308e-06,1.647227e-06,3.927678e-06,1.479072e-06,2.738074e-06,1.125567e-06,1.817347e-06,9.111455e-07,1.417394e-06,7.159546e-07,1.110429e-06,5.663909e-07,8.432998e-07,5.063067e-07,6.892862e-07,4.743785e-07,5.815885e-07,4.246875e-07,4.264655e-07
-1.846733e-02,-8.867010e-03,-2.040902e-02,-1.480288e-02,-1.888040e-02,-2.435004e-02,-1.633076e-02,-2.968213e-02,-1.066687e-02,-3.646592e-02,-5.998241e-03,-4.131554e-02,-1.895617e-03,-4.239797e-02,3.945434e-03,-4.298721e-02,1.059253e-02,-4.293204e-02,1.504845e-02,-3.571501e-02,1.669610e-02,-3.839524e-02,2.089428e-02,-4.083455e-02,2.894731e-02,-4.307923e-02,3.449747e-02,-4.334261e-02,4.442308e-02,-4.190542e-02,4.911696e-02,-3.868666e-02,5.693028e-02,-3.276297e-02,5.575543e-02,-2.641391e-02,5.190542e-02,-1.786538e-02,1.211660e-01,-2.188770e-02,1.256872e-01,5.506741e-03,1.182928e-01,4.679123e-03,1.072540e-01,-2.916769e-03,9.149224e-02,-1.008736e-02,7.707491e-02,-1.775070e-02,6.440604e-02,-2.153056e-02,5.306616e-02,-2.175384e-02,4.097373e-02,-2.089016e-02,3.130417e-02,-1.446403e-02
4.412530e-02,3.852286e-02,3.724724e-02,5.345640e-02,2.540658e-02,6.788441e-02,1.480052e-02,6.893890e-02,2.663624e-03,7.040177e-02,-4.035335e-03,6.759836e-02,-7.883386e-03,6.036156e-02,-1.274440e-02,5.432146e-02,-1.732879e-02,4.902740e-02,-1.922482e-02,3.775831e-02,-1.626931e-02,3.829755e-02,-1.316825e-02,3.910523e-02,-1.195700e-02,4.014483e-02,-8.908652e-03,4.014101e-02,-5.626260e-03,3.921333e-02,-7.490048e-04,3.794457e-02,6.361769e-03,3.657384e-02,1.309456e-02,3.581333e-02,2.217899e-02,3.661768e-02,-8.369520e-02,2.642767e-01,8.576070e-03,2.170339e-01,3.072263e-02,1.712369e-01,3.153722e-02,1.241826e-01,3.209740e-02,1.021449e-01,2.786802e-02,8.460252e-02,2.343688e-02,6.783340e-02,2.344261e-02,5.741425e-02,2.505848e-02,4.999048e-02,2.456554e-02,3.731545e-02
-3.429574e-02,-1.501443e-02,-3.883177e-02,-2.571593e-02,-3.671720e-02,-4.375731e-02,-3.241583e-02,-5.437849e-02,-2.191334e-02,-6.790085e-02,-1.297313e-02,-7.789199e-02,-4.942782e-03,-8.064012e-02,6.496047e-03,-8.228311e-02,1.958098e-02,-8.256951e-02,2.845736e-02,-6.889695e-02,3.182401e-02,-7.427156e-02,4.043892e-02,-7.916884e-02,5.671313e-02,-8.365159e-02,6.818700e-02,-8.422574e-02,8.845694e-02,-8.141976e-02,9.838769e-02,-7.502741e-02,1.146970e-01,-6.318464e-02,1.128903e-01,-5.044334e-02,1.058711e-01,-3.318930e-02,1.903079e-01,-4.747453e-02,2.198586e-01,-2.451255e-03,2.234881e-01,1.631608e-02,2.120514e-01,3.676546e-03,1.842741e-01,-1.207951e-02,1.563635e-01,-2.889986e-02,1.310675e-01,-3.784045e-02,1.084077e-01,-3.924605e-02,8.422923e-02,-3.818272e-02,6.473781e-02,-2.627305e-02
9.680945e-02,7.588678e-02,8.661356e-02,1.062890e-01,6.419951e-02,1.378570e-01,4.297776e-02,1.424217e-01,1.698482e-02,1.478479e-01,1.594879e-03,1.443774e-01,-8.163663e-03,1.308039e-01,-2.023575e-02,1.189536e-01,-3.195021e-02,1.082209e-01,-3.758972e-02,8.358760e-02,-2.965382e-02,8.561554e-02,-2.327347e-02,8.845713e-02,-2.187848e-02,9.165636e-02,-1.716854e-02,9.241207e-02,-1.204555e-02,9.078533e-02,-3.551552e-03,8.803643e-02,9.891327e-03,8.455602e-02,2.341443e-02,8.210067e-02,4.297303e-02,8.272330e-02,-1.952287e-01,2.927324e-01,-7.015262e-02,3.905993e-01,1.900974e-02,3.550765e-01,4.520183e-02,2.725578e-01,5.580468e-02,2.249338e-01,5.063874e-02,1.870836e-01,4.320232e-02,1.508069e-01,4.476632e-02,1.280777e-01,4.989366e-02,1.119587e-01,5.015437e-02,8.367232e-02
-4.617165e-02,-1.810580e-02,-5.378410e-02,-3.182781e-02,-5.239810e-02,-5.641564e-02,-4.770646e-02,-7.186454e-02,-3.383845e-02,-9.186145e-02,-2.138724e-02,-1.073875e-01,-9.766621e-03,-1.127006e-01,6.904797e-03,-1.161444e-01,2.615140e-02,-1.174093e-01,3.943300e-02,-9.841998e-02,4.465707e-02,-1.065379e-01,5.807319e-02,-1.139487e-01,8.292673e-02,-1.206908e-01,1.010224e-01,-1.216570e-01,1.324731e-01,-1.175418e-01,1.485999e-01,-1.079138e-01,1.743414e-01,-8.996274e-02,1.722899e-01,-7.063046e-02,1.623502e-01,-4.456740e-02,2.321500e-01,-3.493351e-02,2.855055e-01,-1.805101e-02,3.041959e-01,-7.414795e-03,2.973433e-01,-3.234086e-03,2.678811e-01,-1.401306e-02,2.326253e-01,-3.548260e-02,1.978778e-01,-4.818640e-02,1.653213e-01,-5.111533e-02,1.296942e-01,-5.047121e-02,1.005460e-01,-3.419585e-02
1.610907e-01,1.106059e-01,1.534134e-01,1.560809e-01,1.235727e-01,2.077143e-01,9.305552e-02,2.191840e-01,5.178721e-02,2.323638e-01,2.523180e-02,2.320390e-01,6.482058e-03,2.143062e-01,-1.654273e-02,1.975997e-01,-3.964994e-02,1.816247e-01,-5.227063e-02,1.407321e-01,-3.561330e-02,1.459380e-01,-2.554644e-02,1.530310e-01,-2.550942e-02,1.604849e-01,-2.163532e-02,1.637162e-01,-1.745346e-02,1.623619e-01,-8.442588e-03,1.583939e-01,8.360457e-03,1.519622e-01,2.689685e-02,1.461988e-01,5.755582e-02,1.443030e-01,-2.767336e-01,2.580484e-01,-2.092921e-01,3.895675e-01,-8.059407e-02,5.038605e-01,3.054348e-03,4.305063e-01,4.612178e-02,3.675969e-01,5.236335e-02,3.118459e-01,4.884441e-02,2.553330e-01,5.674888e-02,2.185359e-01,6.982118e-02,1.923313e-01,7.395113e-02,1.442155e-01
-5.457508e-02,-1.907639e-02,-6.524020e-02,-3.444721e-02,-6.532859e-02,-6.364711e-02,-6.124501e-02,-8.302754e-02,-4.543103e-02,-1.086853e-01,-3.040220e-02,-1.296068e-01,-1.577220e-02,-1.380220e-01,5.503222e-03,-1.438077e-01,3.037629e-02,-1.465809e-01,4.785745e-02,-1.235073e-01,5.500664e-02,-1.342987e-01,7.337323e-02,-1.441794e-01,1.068346e-01,-1.531518e-01,1.320283e-01,-1.546359e-01,1.754023e-01,-1.493946e-01,1.989050e-01,-1.366181e-01,2.356041e-01,-1.124585e-01,2.344374e-01,-8.629066e-02,2.226730e-01,-5.107781e-02,2.525478e-01,-3.030665e-02,3.191854e-01,-2.524626e-02,3.455541e-01,-2.999588e-02,3.611728e-01,-9.473920e-03,3.445807e-01,-6.231577e-03,3.089189e-01,-3.138994e-02,2.675504e-01,-4.865177e-02,2.261451e-01,-5.473702e-02,1.793297e-01,-5.588948e-02,1.403022e-01,-3.704857e-02
2.257333e-01,1.378831e-01,2.253907e-01,1.957495e-01,1.924058e-01,2.669658e-01,1.555549e-01,2.876154e-01,1.000804e-01,3.113871e-01,6.162202e-02,3.177371e-01,3.219291e-02,2.987444e-01,-3.844080e-03,2.789421e-01,-4.077905e-02,2.587517e-01,-6.243382e-02,2.011694e-01,-3.533096e-02,2.107219e-01,-2.217187e-02,2.234838e-01,-2.520251e-02,2.364274e-01,-2.452833e-02,2.431029e-01,-2.366921e-02,2.424909e-01,-1.632038e-02,2.372954e-01,2.242633e-03,2.273343e-01,2.544310e-02,2.174532e-01,6.817086e-02,2.120556e-01,-3.319801e-01,2.274217e-01,-3.091201e-01,3.494802e-01,-2.155744e-01,5.012643e-01,-9.304599e-02,5.533437e-01,9.050236e-03,5.133576e-01,4.082908e-02,4.468253e-01,4.762725e-02,3.707610e-01,6.446235e-02,3.182375e-01,8.731653e-02,2.806680e-01,9.650431e-02,2.105746e-01
-6.035175e-02,-1.934533e-02,-7.346232e-02,-3.546430e-02,-7.517953e-02,-6.743985e-02,-7.240157e-02,-8.934447e-02,-5.612328e-02,-1.192300e-01,-3.975704e-02,-1.448865e-01,-2.299037e-02,-1.566395e-01,2.087838e-03,-1.651864e-01,3.199444e-02,-1.699517e-01,5.345187e-02,-1.439911e-01,6.236721e-02,-1.573669e-01,8.557236e-02,-1.697058e-01,1.274332e-01,-1.810000e-01,1.601968e-01,-1.833721e-01,2.166643e-01,-1.774707e-01,2.496840e-01,-1.617523e-01,2.999793e-01,-1.310101e-01,3.012160e-01,-9.723625e-02,2.873425e-01,-5.248033e-02,2.569259e-01,-2.263082e-02,3.332188e-01,-1.520294e-02,3.742825e-01,-2.601728e-02,3.999085e-01,-2.871019e-02,4.026666e-01,-9.549637e-03,3.759128e-01,-2.852435e-02,3.350308e-01,-4.383143e-02,2.886895e-01,-5.173729e-02,2.320448e-01,-5.518099e-02,1.834683e-01,-3.495880e-02
2.918515e-01,1.591197e-01,3.032817e-01,2.267076e-01,2.714354e-01,3.163739e-01,2.318996e-01,3.474026e-01,1.643426e-01,3.838960e-01,1.140201e-01,4.004482e-01,7.249101e-02,3.834893e-01,2.121999e-02,3.627347e-01,-3.250024e-02,3.396063e-01,-6.575118e-02,2.648282e-01,-2.540127e-02,2.801573e-01,-9.164252e-03,3.004385e-01,-1.649572e-02,3.206798e-01,-2.142572e-02,3.326615e-01,-2.668196e-02,3.343556e-01,-2.463596e-02,3.290352e-01,-8.401988e-03,3.156348e-01,1.609241e-02,3.006321e-01,6.967272e-02,2.895004e-01,-3.738911e-01,2.061539e-01,-3.844989e-01,3.115123e-01,-3.288257e-01,4.662071e-01,-2.394571e-01,5.507670e-01,-8.408221e-02,6.274186e-01,-6.375376e-03,5.824712e-01,2.598867e-02,4.963569e-01,5.899140e-02,4.290351e-01,9.623834e-02,3.795605e-01,1.136903e-01,2.852582e-01
-6.386483e-02,-1.886916e-02,-7.893211e-02,-3.509485e-02,-8.225024e-02,-6.852541e-02,-8.103603e-02,-9.194266e-02,-6.522902e-02,-1.247460e-01,-4.848378e-02,-1.542130e-01,-3.041746e-02,-1.691341e-01,-2.453752e-03,-1.805188e-01,3.167740e-02,-1.875159e-01,5.667808e-02,-1.597640e-01,6.718838e-02,-1.754955e-01,9.490402e-02,-1.901414e-01,1.446588e-01,-2.037312e-01,1.851728e-01,-2.072766e-01,2.557638e-01,-2.011368e-01,3.006763e-01,-1.825977e-01,3.678952e-01,-1.446242e-01,3.738671e-01,-1.019231e-01,3.569769e-01,-4.711047e-02,2.581516e-01,-1.878874e-02,3.390525e-01,-9.279269e-03,3.879228e-01,-2.164733e-02,4.230631e-01,-3.123124e-02,4.294799e-01,-3.024101e-02,4.234182e-01,-3.009833e-02,3.958532e-01,-3.238056e-02,3.521699e-01,-3.971022e-02,2.880207e-01,-4.636117e-02,2.305345e-01,-2.635959e-02
3.556757e-01,1.751227e-01,3.813927e-01,2.497880e-01,3.539140e-01,3.555642e-01,3.150656e-01,3.966500e-01,2.385887e-01,4.462097e-01,1.778298e-01,4.751589e-01,1.241037e-01,4.631358e-01,5.663074e-02,4.436703e-01,-1.568475e-02,4.191776e-01,-6.233705e-02,3.278292e-01,-6.975576e-03,3.500120e-01,1.207762e-02,3.791949e-01,-5.903057e-04,4.081844e-01,-1.332626e-02,4.271854e-01,-2.763564e-02,4.327907e-01,-3.465348e-02,4.284631e-01,-2.404368e-02,4.117809e-01,9.978747e-04,3.914127e-01,6.570735e-02,3.737348e-01,-4.160554e-01,1.954720e-01,-4.505826e-01,2.896829e-01,-4.193456e-01,4.387530e-01,-3.615292e-01,5.208194e-01,-2.336251e-01,6.261719e-01,-1.004919e-01,6.899724e-01,-1.695312e-02,6.246443e-01,4.426770e-02,5.489620e-01,1.001493e-01,4.865332e-01,1.279461e-01,3.660290e-01
-6.612874e-02,-1.879905e-02,-8.229661e-02,-3.512284e-02,-8.653962e-02,-6.936147e-02,-8.637424e-02,-9.348445e-02,-7.115290e-02,-1.278422e-01,-5.463002e-02,-1.595578e-01,-3.617379e-02,-1.765946e-01,-6.561084e-03,-1.901750e-01,3.052417e-02,-1.991219e-01,5.819469e-02,-1.704317e-01,6.988645e-02,-1.879854e-01,1.010314e-01,-2.045059e-01,1.570714e-01,-2.202081e-01,2.043180e-01,-2.253590e-01,2.894008e-01,-2.200414e-01,3.495993e-01,-1.997809e-01,4.414083e-01,-1.542193e-01,4.600789e-01,-9.953693e-02,4.313444e-01,-3.505202e-02,2.563413e-01,-1.623701e-02,3.386792e-01,-4.505794e-03,3.912299e-01,-1.358003e-02,4.342439e-01,-1.923078e-02,4.530164e-01,-1.951848e-02,4.575208e-01,-3.035909e-02,4.403569e-01,-3.951823e-02,4.031647e-01,-3.494343e-02,3.379770e-01,-3.693479e-02,2.756758e-01,-1.394964e-02
4.181360e-01,1.869856e-01,4.602655e-01,2.665381e-01,4.398326e-01,3.863228e-01,4.045716e-01,4.368688e-01,3.221772e-01,4.991344e-01,2.527900e-01,5.416375e-01,1.873009e-01,5.366882e-01,1.031750e-01,5.201915e-01,1.090349e-02,4.954290e-01,-5.056572e-02,3.880271e-01,2.286561e-02,4.178033e-01,4.631763e-02,4.570718e-01,3.009798e-02,4.963148e-01,1.026455e-02,5.249703e-01,-1.241603e-02,5.382634e-01,-3.109776e-02,5.396916e-01,-3.317286e-02,5.240079e-01,-1.912593e-02,4.995849e-01,4.265897e-02,4.704886e-01,-4.586368e-01,1.926006e-01,-5.108801e-01,2.805516e-01,-4.950151e-01,4.249605e-01,-4.581239e-01,4.993467e-01,-3.552409e-01,6.035618e-01,-2.448970e-01,6.936788e-01,-1.286859e-01,7.140081e-01,-1.595697e-02,6.612731e-01,7.329713e-02,5.963065e-01,1.219041e-01,4.534125e-01
-6.723496e-02,-1.840575e-02,-8.419704e-02,-3.458101e-02,-8.922322e-02,-6.905704e-02,-8.999907e-02,-9.346571e-02,-7.553470e-02,-1.286560e-01,-5.950673e-02,-1.618207e-01,-4.106313e-02,-1.804089e-01,-1.052159e-02,-1.956968e-01,2.861721e-02,-2.062634e-01,5.828316e-02,-1.771921e-01,7.066744e-02,-1.961274e-01,1.042528e-01,-2.141468e-01,1.650407e-01,-2.317032e-01,2.177688e-01,-2.386445e-01,3.169863e-01,-2.348861e-01,3.955012e-01,-2.136623e-01,5.216146e-01,-1.593603e-01,5.685070e-01,-8.613632e-02,5.118901e-01,-1.239716e-02,2.556321e-01,-1.534864e-02,3.385180e-01,-2.774015e-03,3.925691e-01,-1.066383e-02,4.390653e-01,-1.462082e-02,4.632169e-01,-1.584827e-02,4.727580e-01,-3.281293e-02,4.611841e-01,-4.723557e-02,4.388433e-01,-3.162713e-02,3.813957e-01,-2.283414e-02,3.194782e-01,5.732404e-03
4.777511e-01,1.972630e-01,5.361658e-01,2.806128e-01,5.233435e-01,4.125829e-01,4.926938e-01,4.713403e-01,4.062579e-01,5.447821e-01,3.300301e-01,5.999961e-01,2.541612e-01,6.023568e-01,1.544521e-01,5.894089e-01,4.264740e-02,5.650115e-01,-3.365640e-02,4.427348e-01,5.918646e-02,4.801117e-01,8.831995e-02,5.297258e-01,7.041165e-02,5.799265e-01,4.458953e-02,6.201280e-01,1.368016e-02,6.443536e-01,-1.927043e-02,6.559188e-01,-3.914301e-02,6.451964e-01,-3.544127e-02,6.206510e-01,1.661531e-02,5.794213e-01,-5.053752e-01,1.918460e-01,-5.754570e-01,2.757218e-01,-5.734855e-01,4.189153e-01,-5.528878e-01,4.897760e-01,-4.670616e-01,5.903432e-01,-3.766016e-01,6.866334e-01,-2.717382e-01,7.270663e-01,-1.173365e-01,7.475951e-01,2.268788e-02,7.043702e-01,1.025401e-01,5.462666e-01
-6.771060e-02,-1.812881e-02,-8.508646e-02,-3.417342e-02,-9.054585e-02,-6.867609e-02,-9.186077e-02,-9.315374e-02,-7.790072e-02,-1.286502e-01,-6.227791e-02,-1.624533e-01,-4.400606e-02,-1.817945e-01,-1.315426e-02,-1.979618e-01,2.699231e-02,-2.094380e-01,5.772543e-02,-1.802642e-01,7.024838e-02,-1.999444e-01,1.048854e-01,-2.188370e-01,1.680192e-01,-2.376545e-01,2.235062e-01,-2.462654e-01,3.337115e-01,-2.448441e-01,4.301936e-01,-2.245213e-01,6.038907e-01,-1.626170e-01,7.263580e-01,-5.717383e-02,5.938498e-01,1.954697e-02,2.551879e-01,-1.512798e-02,3.381049e-01,-2.255346e-03,3.925466e-01,-9.532675e-03,4.402709e-01,-1.250171e-02,4.666851e-01,-1.314370e-02,4.795015e-01,-3.122059e-02,4.727912e-01,-4.704448e-02,4.488007e-01,-4.339457e-02,4.048970e-01,-1.516403e-02,3.524246e-01,2.799284e-02
5.355744e-01,2.070185e-01,6.098347e-01,2.937253e-01,6.045111e-01,4.368711e-01,5.785211e-01,5.030443e-01,4.886489e-01,5.863758e-01,4.063567e-01,6.529850e-01,3.209826e-01,6.618239e-01,2.069313e-01,6.516796e-01,7.694647e-02,6.270655e-01,-1.315609e-02,4.906326e-01,1.008003e-01,5.348639e-01,1.384012e-01,5.942422e-01,1.235272e-01,6.551868e-01,9.685411e-02,7.082981e-01,6.433337e-02,7.475919e-01,1.871788e-02,7.770871e-01,-1.833255e-02,7.840651e-01,-3.743457e-02,7.715088e-01,-2.704535e-02,7.035497e-01,-5.542272e-01,1.920662e-01,-6.423236e-01,2.728496e-01,-6.536557e-01,4.166829e-01,-6.475111e-01,4.860728e-01,-5.751586e-01,5.840828e-01,-5.009590e-01,6.829933e-01,-4.169070e-01,7.247560e-01,-2.797099e-01,7.598419e-01,-8.180753e-02,7.909634e-01,4.808347e-02,6.389920e-01
-6.774692e-02,-1.798460e-02,-8.523843e-02,-3.394978e-02,-9.083763e-02,-6.838881e-02,-9.232758e-02,-9.284089e-02,-7.856063e-02,-1.283454e-01,-6.310085e-02,-1.622504e-01,-4.492248e-02,-1.817515e-01,-1.405706e-02,-1.980951e-01,2.626616e-02,-2.097366e-01,5.720305e-02,-1.805507e-01,6.952421e-02,-2.003631e-01,1.040768e-01,-2.194410e-01,1.672270e-01,-2.386077e-01,2.223593e-01,-2.480013e-01,3.356713e-01,-2.482512e-01,4.359293e-01,-2.310218e-01,6.654096e-01,-1.694837e-01,9.999044e-01,-1.957563e-05,6.579768e-01,5.495653e-02,2.551680e-01,-1.519853e-02,3.380435e-01,-2.341521e-03,3.924785e-01,-9.608389e-03,4.403246e-01,-1.246150e-02,4.670006e-01,-1.310296e-02,4.802583e-01,-3.155248e-02,4.741176e-01,-4.801548e-02,4.478363e-01,-4.889748e-02,3.960210e-01,-2.466962e-02,3.619935e-01,4.557578e-02
5.919089e-01,2.177312e-01,6.807176e-01,3.081690e-01,6.816801e-01,4.622803e-01,6.590789e-01,5.354048e-01,5.648773e-01,6.275499e-01,4.760932e-01,7.037558e-01,3.813971e-01,7.172390e-01,2.541804e-01,7.080318e-01,1.083964e-01,6.814506e-01,6.792308e-03,5.312889e-01,1.423334e-01,5.808166e-01,1.910921e-01,6.482192e-01,1.848062e-01,7.178567e-01,1.651999e-01,7.823951e-01,1.472158e-01,8.368547e-01,1.244173e-01,8.943137e-01,6.026765e-02,9.438991e-01,-1.957563e-05,9.999643e-01,-1.215946e-01,8.271593e-01,-6.048836e-01,1.911184e-01,-7.125935e-01,2.684571e-01,-7.387506e-01,4.133837e-01,-7.484578e-01,4.823098e-01,-6.901082e-01,5.797615e-01,-6.312300e-01,6.831802e-01,-5.665614e-01,7.257312e-01,-4.528915e-01,7.611642e-01,-2.607258e-01,8.129156e-01,-6.582636e-02,7.084047e-01
-1.289883e-06,-6.400489e-07,-1.396523e-06,-9.740420e-07,-1.293511e-06,-1.479832e-06,-1.140368e-06,-1.723939e-06,-8.161167e-07,-2.035904e-06,-5.530836e-07,-2.251185e-06,-3.188623e-07,-2.268697e-06,2.382542e-09,-2.257316e-06,3.634865e-07,-2.214989e-06,6.043904e-07,-1.805725e-06,5.538543e-07,-1.940011e-06,6.619269e-07,-2.080323e-06,9.630429e-07,-2.214919e-06,1.185225e-06,-2.265760e-06,1.573114e-06,-2.234897e-06,1.778985e-06,-2.122705e-06,2.086201e-06,-1.886190e-06,2.052878e-06,-1.617153e-06,1.851121e-06,-1.259492e-06,1.108006e-05,3.265060e-06,8.653709e-06,1.121677e-06,6.598851e-06,-7.032673e-07,5.040124e-06,-1.294137e-06,3.882225e-06,-1.509824e-06,3.093508e-06,-1.710914e-06,2.500029e-06,-1.724329e-06,1.974245e-06,-1.628652e-06,1.420487e-06,-1.520474e-06,9.997389e-07,-1.108817e-06
4.400498e-07,4.322439e-07,3.419238e-07,6.024437e-07,1.957163e-07,7.575572e-07,6.767629e-08,7.610766e-07,-6.724615e-08,7.654074e-07,-1.353508e-07,7.184395e-07,-1.667288e-07,6.267080e-07,-2.050125e-07,5.534602e-07,-2.365189e-07,4.921827e-07,-2.421000e-07,3.778989e-07,-2.294235e-07,3.757841e-07,-1.987283e-07,3.736597e-07,-1.802811e-07,3.740992e-07,-1.345153e-07,3.632157e-07,-8.294362e-08,3.445654e-07,-7.665327e-09,3.254020e-07,9.628638e-08,3.119083e-07,1.912897e-07,3.117093e-07,2.986919e-07,3.358250e-07,4.774160e-06,9.097400e-06,2.791602e-06,3.764424e-06,1.527926e-06,2.350647e-06,8.946768e-07,1.362625e-06,6.368033e-07,1.078516e-06,4.762829e-07,8.624021e-07,3.699448e-07,6.678134e-07,3.367675e-07,5.562176e-07,3.271707e-07,4.769935e-07,3.013130e-07,3.525789e-07
-3.550688e-02,-1.726335e-02,-3.866029e-02,-2.637114e-02,-3.599458e-02,-4.032973e-02,-3.188592e-02,-4.718256e-02,-2.298547e-02,-5.593060e-02,-1.570293e-02,-6.203834e-02,-9.177729e-03,-6.266421e-02,-2.283100e-04,-6.245075e-02,9.844851e-03,-6.135253e-02,1.658687e-02,-5.005038e-02,1.519076e-02,-5.381609e-02,1.826689e-02,-5.775021e-02,2.673563e-02,-6.151869e-02,3.303101e-02,-6.295364e-02,4.397157e-02,-6.210741e-02,4.983879e-02,-5.898197e-02,5.857211e-02,-5.236851e-02,5.774799e-02,-4.483202e-02,5.222696e-02,-3.478868e-02,2.881378e-01,-3.560092e-02,2.408693e-01,2.189127e-02,1.834940e-01,-2.018076e-02,1.412036e-01,-3.483601e-02,1.091280e-01,-4.095164e-02,8.708541e-02,-4.676913e-02,7.043047e-02,-4.735843e-02,5.570045e-02,-4.482846e-02,4.019802e-02,-4.190819e-02,2.839122e-02,-3.055166e-02
3.883412e-02,3.331030e-02,3.306327e-02,4.655261e-02,2.264081e-02,5.963234e-02,1.309582e-02,6.094559e-02,2.088859e-03,6.251539e-02,-4.061254e-03,6.014154e-02,-7.581461e-03,5.372263e-02,-1.190987e-02,4.833435e-02,-1.591832e-02,4.361554e-02,-1.753377e-02,3.362833e-02,-1.515183e-02,3.407761e-02,-1.257436e-02,3.472553e-02,-1.166996e-02,3.554015e-02,-9.009680e-03,3.534541e-02,-6.041485e-03,3.427456e-02,-1.380168e-03,3.288924e-02,5.561987e-03,3.151318e-02,1.229572e-02,3.087324e-02,2.099695e-02,3.189083e-02,-8.845259e-02,4.916660e-01,6.949927e-02,2.982606e-01,6.564458e-02,1.907274e-01,4.675450e-02,1.206529e-01,3.846727e-02,9.521909e-02,3.035695e-02,7.692111e-02,2.411449e-02,6.052162e-02,2.304388e-02,5.085321e-02,2.383127e-02,4.407252e-02,2.291229e-02,3.275604e-02
-6.459554e-02,-2.856231e-02,-7.214625e-02,-4.430683e-02,-6.884966e-02,-6.986010e-02,-6.247064e-02,-8.337114e-02,-4.666676e-02,-1.006771e-01,-3.314882e-02,-1.134721e-01,-2.061464e-02,-1.159980e-01,-3.336912e-03,-1.166074e-01,1.628496e-02,-1.152916e-01,2.964047e-02,-9.439199e-02,2.705022e-02,-1.019275e-01,3.362681e-02,-1.097994e-01,5.078994e-02,-1.173088e-01,6.401924e-02,-1.203274e-01,8.664046e-02,-1.189048e-01,9.948994e-02,-1.129316e-01,1.185210e-01,-9.989834e-02,1.183134e-01,-8.482441e-02,1.089602e-01,-6.436804e-02,3.552220e-01,-1.781574e-02,4.363972e-01,-3.372622e-03,3.551460e-01,-3.228581e-02,2.859982e-01,-4.864003e-02,2.252971e-01,-6.467493e-02,1.808152e-01,-7.973145e-02,1.464470e-01,-8.400358e-02,1.165750e-01,-8.087004e-02,8.543329e-02,-7.635688e-02,6.141366e-02,-5.561842e-02
9.525923e-02,7.151505e-02,8.711371e-02,1.004961e-01,6.651252e-02,1.315997e-01,4.646408e-02,1.370751e-01,2.106163e-02,1.434566e-01,5.542878e-03,1.412165e-01,-4.668468e-03,1.287913e-01,-1.719774e-02,1.176805e-01,-2.945112e-02,1.074501e-01,-3.561742e-02,8.313644e-02,-2.735785e-02,8.548848e-02,-2.137017e-02,8.870825e-02,-2.066871e-02,9.219708e-02,-1.690460e-02,9.314582e-02,-1.273584e-02,9.153673e-02,-5.075564e-03,8.861941e-02,7.804894e-03,8.480215e-02,2.136435e-02,8.201529e-02,4.135981e-02,8.242228e-02,-2.383046e-01,3.915234e-01,-5.386687e-02,5.941609e-01,5.002262e-02,4.356843e-01,6.133246e-02,2.953223e-01,6.313460e-02,2.333430e-01,5.316419e-02,1.900725e-01,4.327464e-02,1.513009e-01,4.399991e-02,1.280007e-01,4.896900e-02,1.117966e-01,4.926294e-02,8.339982e-02
-8.650994e-02,-3.425480e-02,-9.922794e-02,-5.404422e-02,-9.719597e-02,-8.830298e-02,-9.048831e-02,-1.077740e-01,-7.014764e-02,-1.329651e-01,-5.180752e-02,-1.527094e-01,-3.408404e-02,-1.583340e-01,-9.394795e-03,-1.608152e-01,1.898565e-02,-1.602146e-01,3.866286e-02,-1.317188e-01,3.508476e-02,-1.429396e-01,4.546221e-02,-1.546717e-01,7.128914e-02,-1.658522e-01,9.193279e-02,-1.706735e-01,1.268930e-01,-1.691215e-01,1.480382e-01,-1.608169e-01,1.794956e-01,-1.417745e-01,1.821358e-01,-1.192324e-01,1.716356e-01,-8.777565e-02,3.564340e-01,-1.852298e-02,4.584716e-01,-3.077566e-02,4.976776e-01,-1.474318e-02,4.381880e-01,-2.054807e-02,3.553872e-01,-6.001566e-02,2.864461e-01,-9.241296e-02,2.315174e-01,-1.062046e-01,1.851572e-01,-1.056195e-01,1.377614e-01,-1.014660e-01,1.007168e-01,-7.398432e-02
1.563446e-01,1.059663e-01,1.497878e-01,1.497234e-01,1.215605e-01,2.000341e-01,9.232102e-02,2.118838e-01,5.214202e-02,2.255544e-01,2.593603e-02,2.260768e-01,7.241437e-03,2.093892e-01,-1.560862e-02,1.934618e-01,-3.851327e-02,1.781128e-01,-5.111428e-02,1.382119e-01,-3.511596e-02,1.434859e-01,-2.587312e-02,1.505620e-01,-2.667793e-02,1.578813e-01,-2.365113e-02,1.608334e-01,-2.024218e-02,1.590300e-01,-1.143404e-02,1.544281e-01,6.053584e-03,1.474045e-01,2.627004e-02,1.414598e-01,5.903562e-02,1.402652e-01,-3.270894e-01,2.946890e-01,-2.523642e-01,4.858089e-01,-4.792701e-02,6.905018e-01,6.077839e-02,5.134323e-01,8.385895e-02,3.984137e-01,7.343954e-02,3.218017e-01,5.956865e-02,2.554764e-01,6.263756e-02,2.159955e-01,7.312647e-02,1.890644e-01,7.562867e-02,1.410596e-01
-1.020190e-01,-3.616905e-02,-1.198479e-01,-5.794366e-02,-1.202669e-01,-9.808897e-02,-1.147780e-01,-1.223229e-01,-9.215146e-02,-1.542290e-01,-7.054063e-02,-1.806717e-01,-4.866030e-02,-1.901785e-01,-1.765731e-02,-1.953323e-01,1.851766e-02,-1.962215e-01,4.406860e-02,-1.620405e-01,3.971291e-02,-1.767623e-01,5.399275e-02,-1.921801e-01,8.817832e-02,-2.069129e-01,1.164527e-01,-2.137678e-01,1.642509e-01,-2.126005e-01,1.950323e-01,-2.025568e-01,2.412326e-01,-1.779371e-01,2.492109e-01,-1.479255e-01,2.403593e-01,-1.047858e-01,3.374369e-01,-6.561151e-03,4.536074e-01,3.131379e-03,5.265080e-01,-5.752819e-03,5.623032e-01,-2.422588e-02,4.820284e-01,-4.405155e-02,3.976076e-01,-8.881097e-02,3.241891e-01,-1.137509e-01,2.611998e-01,-1.185423e-01,1.972435e-01,-1.168886e-01,1.464019e-01,-8.541161e-02
2.231739e-01,1.346147e-01,2.239617e-01,1.910680e-01,1.925255e-01,2.611382e-01,1.571133e-01,2.819183e-01,1.028506e-01,3.061365e-01,6.479435e-02,3.135352e-01,3.526237e-02,2.957783e-01,-1.033717e-03,2.769015e-01,-3.840508e-02,2.573941e-01,-6.055007e-02,2.003480e-01,-3.342415e-02,2.102355e-01,-2.087438e-02,2.233550e-01,-2.482163e-02,2.365910e-01,-2.533553e-02,2.434610e-01,-2.589396e-02,2.428165e-01,-1.975886e-02,2.372225e-01,-1.569164e-03,2.265068e-01,2.274079e-02,2.159358e-01,6.873418e-02,2.108643e-01,-3.541605e-01,2.381622e-01,-3.357890e-01,3.771379e-01,-2.330426e-01,5.812131e-01,-6.495221e-02,7.086626e-01,5.007166e-02,5.843274e-01,6.766632e-02,4.766649e-01,6.109129e-02,3.808083e-01,7.145700e-02,3.216098e-01,9.143638e-02,2.819160e-01,9.894079e-02,2.104418e-01
-1.120759e-01,-3.568988e-02,-1.344021e-01,-5.799145e-02,-1.377245e-01,-1.016087e-01,-1.343637e-01,-1.292087e-01,-1.112892e-01,-1.662545e-01,-8.793302e-02,-1.985343e-01,-6.310251e-02,-2.121296e-01,-2.711415e-02,-2.203602e-01,1.561617e-02,-2.232450e-01,4.633998e-02,-1.851733e-01,4.136391e-02,-2.030441e-01,5.930517e-02,-2.218125e-01,1.010474e-01,-2.398738e-01,1.366594e-01,-2.489895e-01,1.973325e-01,-2.488470e-01,2.389570e-01,-2.378964e-01,3.026122e-01,-2.083826e-01,3.193171e-01,-1.709693e-01,3.162247e-01,-1.151193e-01,3.236913e-01,-4.536709e-03,4.396724e-01,1.254641e-02,5.201579e-01,-1.025467e-03,5.786370e-01,-2.679307e-02,5.922533e-01,-1.522328e-02,5.142829e-01,-6.533692e-02,4.271219e-01,-1.030425e-01,3.471477e-01,-1.173937e-01,2.658751e-01,-1.213115e-01,1.999357e-01,-8.925264e-02
2.894260e-01,1.569574e-01,3.013455e-01,2.234405e-01,2.705312e-01,3.118749e-01,2.322026e-01,3.425373e-01,1.660018e-01,3.789099e-01,1.164330e-01,3.960535e-01,7.513854e-02,3.801135e-01,2.384389e-02,3.602434e-01,-3.017488e-02,3.378214e-01,-6.383898e-02,2.636603e-01,-2.349358e-02,2.792878e-01,-7.774663e-03,2.999008e-01,-1.589629e-02,3.204796e-01,-2.197993e-02,3.328037e-01,-2.895130e-02,3.346845e-01,-2.876449e-02,3.290986e-01,-1.359126e-02,3.148012e-01,1.191728e-02,2.987290e-01,7.103475e-02,2.881536e-01,-3.866993e-01,2.086013e-01,-4.036599e-01,3.186633e-01,-3.516199e-01,4.985589e-01,-2.531537e-01,6.237329e-01,-4.083964e-02,7.648972e-01,3.657782e-02,6.461075e-01,5.098259e-02,5.206099e-01,7.250261e-02,4.376671e-01,1.044677e-01,3.832498e-01,1.187626e-01,2.859489e-01
-1.182962e-01,-3.409849e-02,-1.442859e-01,-5.610208e-02,-1.504180e-01,-1.014753e-01,-1.494695e-01,-1.312156e-01,-1.270944e-01,-1.718351e-01,-1.031731e-01,-2.087364e-01,-7.650377e-02,-2.260737e-01,-3.685358e-02,-2.373159e-01,1.110626e-02,-2.423255e-01,4.615070e-02,-2.017776e-01,4.049065e-02,-2.223165e-01,6.142165e-02,-2.439891e-01,1.093602e-01,-2.650793e-01,1.513711e-01,-2.766815e-01,2.242212e-01,-2.783440e-01,2.775330e-01,-2.676525e-01,3.619136e-01,-2.342966e-01,3.925926e-01,-1.894390e-01,4.014601e-01,-1.188880e-01,3.141618e-01,-6.482770e-03,4.254990e-01,1.239357e-02,5.037170e-01,3.142975e-03,5.721071e-01,-7.851176e-03,6.102111e-01,-1.986403e-02,6.154768e-01,-4.006011e-02,5.376260e-01,-7.469400e-02,4.448451e-01,-1.002867e-01,3.461199e-01,-1.138564e-01,2.632535e-01,-8.518710e-02
3.541427e-01,1.737876e-01,3.801382e-01,2.476841e-01,3.533393e-01,3.524747e-01,3.153854e-01,3.930843e-01,2.400723e-01,4.422352e-01,1.801503e-01,4.713333e-01,1.268425e-01,4.599523e-01,5.951165e-02,4.411152e-01,-1.299473e-02,4.171400e-01,-5.996831e-02,3.262816e-01,-4.124725e-03,3.486714e-01,1.504926e-02,3.781606e-01,2.463042e-03,4.075807e-01,-1.060425e-02,4.273273e-01,-2.599685e-02,4.339417e-01,-3.542916e-02,4.305234e-01,-2.850780e-02,4.138682e-01,-7.032520e-03,3.919097e-01,6.363281e-02,3.738203e-01,-4.215920e-01,1.960864e-01,-4.593309e-01,2.914527e-01,-4.310129e-01,4.490897e-01,-3.764649e-01,5.411900e-01,-2.417034e-01,6.863841e-01,-6.362987e-02,8.059631e-01,2.124133e-02,6.822078e-01,6.304782e-02,5.685713e-01,1.106167e-01,4.955306e-01,1.340091e-01,3.692096e-01
-1.217135e-01,-3.236841e-02,-1.503025e-01,-5.377518e-02,-1.586768e-01,-9.980224e-02,-1.598518e-01,-1.306892e-01,-1.386381e-01,-1.734599e-01,-1.149042e-01,-2.135474e-01,-8.734269e-02,-2.337985e-01,-4.534194e-02,-2.475449e-01,6.362659e-03,-2.544473e-01,4.465086e-02,-2.125264e-01,3.833561e-02,-2.350960e-01,6.140456e-02,-2.590373e-01,1.138775e-01,-2.826437e-01,1.608349e-01,-2.966914e-01,2.443595e-01,-3.006880e-01,3.092505e-01,-2.913177e-01,4.170354e-01,-2.552962e-01,4.676759e-01,-2.029388e-01,4.985083e-01,-1.141152e-01,3.092386e-01,-8.889206e-03,4.169873e-01,9.850044e-03,4.922515e-01,2.392455e-03,5.621015e-01,-1.872168e-03,6.073315e-01,-7.628642e-03,6.325805e-01,-3.575787e-02,6.235310e-01,-6.033343e-02,5.525637e-01,-6.379467e-02,4.395995e-01,-9.139561e-02,3.381852e-01,-7.104924e-02
4.164951e-01,1.867505e-01,4.581315e-01,2.660197e-01,4.375753e-01,3.850467e-01,4.024646e-01,4.349283e-01,3.207274e-01,4.963811e-01,2.521129e-01,5.382822e-01,1.873458e-01,5.332305e-01,1.038750e-01,5.168975e-01,1.202032e-02,4.924280e-01,-4.928679e-02,3.856659e-01,2.415242e-02,4.153861e-01,4.774655e-02,4.546503e-01,3.175604e-02,4.940848e-01,1.182629e-02,5.233294e-01,-1.246105e-02,5.376546e-01,-3.469707e-02,5.400285e-01,-4.284054e-02,5.239990e-01,-3.409800e-02,4.968140e-01,4.765303e-02,4.709579e-01,-4.624025e-01,1.914730e-01,-5.176110e-01,2.792327e-01,-5.049734e-01,4.264878e-01,-4.725996e-01,5.040193e-01,-3.715543e-01,6.228120e-01,-2.517966e-01,7.434006e-01,-9.274557e-02,8.151238e-01,3.365165e-02,7.181996e-01,1.077538e-01,6.219023e-01,1.442471e-01,4.628708e-01
-1.233943e-01,-3.117132e-02,-1.534988e-01,-5.209669e-02,-1.632704e-01,-9.828527e-02,-1.658498e-01,-1.296790e-01,-1.456001e-01,-1.735231e-01,-1.222680e-01,-2.153983e-01,-9.442261e-02,-2.374327e-01,-5.119894e-02,-2.528020e-01,2.731462e-03,-2.610085e-01,4.303610e-02,-2.184349e-01,3.617592e-02,-2.422800e-01,6.041764e-02,-2.676913e-01,1.155341e-01,-2.930647e-01,1.654363e-01,-3.091607e-01,2.570478e-01,-3.156592e-01,3.320048e-01,-3.085655e-01,4.656482e-01,-2.714465e-01,5.473366e-01,-2.107235e-01,6.150568e-01,-9.649345e-02,3.067247e-01,-1.058858e-02,4.121731e-01,7.704468e-03,4.852228e-01,1.173226e-03,5.538869e-01,-3.453601e-04,6.003753e-01,-7.439921e-04,6.338215e-01,-2.518774e-02,6.495176e-01,-4.361766e-02,6.390868e-01,-4.568743e-02,5.319178e-01,-6.357266e-02,4.178962e-01,-4.781131e-02
4.766526e-01,1.974400e-01,5.344958e-01,2.807648e-01,5.212949e-01,4.123217e-01,4.903971e-01,4.706167e-01,4.040813e-01,5.433444e-01,3.281949e-01,5.977514e-01,2.528241e-01,5.995555e-01,1.538238e-01,5.862142e-01,4.281139e-02,5.615834e-01,-3.289563e-02,4.397473e-01,6.017846e-02,4.767496e-01,9.012973e-02,5.260115e-01,7.369486e-02,5.760043e-01,4.949954e-02,6.165267e-01,1.997070e-02,6.419920e-01,-1.322783e-02,6.559601e-01,-3.907125e-02,6.484499e-01,-5.098253e-02,6.240647e-01,2.242787e-02,5.915452e-01,-5.072471e-01,1.908934e-01,-5.790264e-01,2.743957e-01,-5.789834e-01,4.183628e-01,-5.615103e-01,4.896879e-01,-4.785574e-01,5.948687e-01,-3.890239e-01,7.037309e-01,-2.751061e-01,7.672879e-01,-8.140122e-02,8.360167e-01,5.914267e-02,7.505861e-01,1.287235e-01,5.687327e-01
-1.240600e-01,-3.049347e-02,-1.549022e-01,-5.112070e-02,-1.653924e-01,-9.728421e-02,-1.687208e-01,-1.288537e-01,-1.490554e-01,-1.731309e-01,-1.260327e-01,-2.158241e-01,-9.814319e-02,-2.387347e-01,-5.440356e-02,-2.549186e-01,5.801565e-04,-2.637935e-01,4.186965e-02,-2.209629e-01,3.460658e-02,-2.454296e-01,5.926173e-02,-2.715822e-01,1.154418e-01,-2.979116e-01,1.664286e-01,-3.153153e-01,2.625556e-01,-3.237434e-01,3.429084e-01,-3.192279e-01,5.017167e-01,-2.827088e-01,6.267561e-01,-2.132189e-01,7.680947e-01,-5.926148e-02,3.057679e-01,-1.153444e-02,4.101301e-01,6.403475e-03,4.820440e-01,7.668615e-06,5.497372e-01,-7.370967e-04,5.959433e-01,6.457748e-04,6.312933e-01,-2.219860e-02,6.537682e-01,-3.852853e-02,6.572241e-01,-4.445830e-02,6.135727e-01,-3.306941e-02,5.012675e-01,-1.265554e-02
5.349367e-01,2.077419e-01,6.084456e-01,2.947575e-01,6.024007e-01,4.379205e-01,5.756883e-01,5.038829e-01,4.852954e-01,5.867402e-01,4.027848e-01,6.525036e-01,3.175381e-01,6.604686e-01,2.040489e-01,6.495295e-01,7.510049e-02,6.242606e-01,-1.404347e-02,4.880524e-01,9.970144e-02,5.316714e-01,1.379831e-01,5.903408e-01,1.246297e-01,6.504660e-01,1.000862e-01,7.028104e-01,7.179840e-02,7.416050e-01,3.449332e-02,7.726388e-01,-5.081019e-03,7.843177e-01,-4.011858e-02,7.786342e-01,-1.307685e-03,7.485365e-01,-5.551020e-01,1.906895e-01,-6.446328e-01,2.707221e-01,-6.577730e-01,4.141553e-01,-6.546124e-01,4.829175e-01,-5.859233e-01,5.819399e-01,-5.159651e-01,6.860984e-01,-4.355750e-01,7.364855e-01,-2.914239e-01,7.963325e-01,-5.062534e-02,8.724204e-01,8.078612e-02,6.909072e-01
-1.242337e-01,-3.029577e-02,-1.552822e-01,-5.083467e-02,-1.659760e-01,-9.698352e-02,-1.695176e-01,-1.285975e-01,-1.500223e-01,-1.729893e-01,-1.270927e-01,-2.159064e-01,-9.919694e-02,-2.390607e-01,-5.532015e-02,-2.554717e-01,-4.752067e-05,-2.645335e-01,4.151511e-02,-2.216362e-01,3.412805e-02,-2.462754e-01,5.888369e-02,-2.726362e-01,1.153441e-01,-2.992419e-01,1.665932e-01,-3.170455e-01,2.641682e-01,-3.260993e-01,3.463295e-01,-3.224570e-01,5.166816e-01,-2.859981e-01,6.737827e-01,-2.075086e-01,9.999137e-01,-2.705489e-05,3.055176e-01,-1.182454e-02,4.095603e-01,5.987856e-03,4.811203e-01,-4.064148e-04,5.484140e-01,-1.034484e-03,5.943203e-01,7.991438e-04,6.297943e-01,-2.124515e-02,6.538801e-01,-3.592487e-02,6.642965e-01,-3.703495e-02,6.287741e-01,-3.823666e-02,5.649705e-01,2.226599e-02
5.919883e-01,2.188139e-01,6.801180e-01,3.098121e-01,6.802811e-01,4.643970e-01,6.568036e-01,5.376274e-01,5.617165e-01,6.297752e-01,4.723476e-01,7.055518e-01,3.774540e-01,7.183605e-01,2.503921e-01,7.085723e-01,1.051924e-01,6.815809e-01,4.175700e-03,5.314261e-01,1.386065e-01,5.806339e-01,1.866670e-01,6.475531e-01,1.794595e-01,7.164454e-01,1.584983e-01,7.793677e-01,1.408035e-01,8.306465e-01,1.161287e-01,8.814112e-01,8.241321e-02,9.224050e-01,8.681218e-02,9.777501e-01,-2.705489e-05,9.999629e-01,-6.046779e-01,1.892820e-01,-7.136142e-01,2.654250e-01,-7.416487e-01,4.087933e-01,-7.547105e-01,4.759165e-01,-7.014276e-01,5.717321e-01,-6.499879e-01,6.759543e-01,-5.984252e-01,7.181903e-01,-5.059788e-01,7.563181e-01,-3.172007e-01,8.515656e-01,-6.184180e-02,8.178280e-01
-1.465730e-06,-9.072885e-07,-1.466645e-06,-1.311958e-06,-1.253993e-06,-1.827600e-06,-1.017009e-06,-2.002184e-06,-6.429414e-07,-2.220265e-06,-3.775089e-07,-2.320135e-06,-1.677859e-07,-2.233063e-06,1.070462e-07,-2.138961e-06,4.014888e-07,-2.034355e-06,5.827060e-07,-1.620889e-06,4.774743e-07,-1.712616e-06,4.805176e-07,-1.816227e-06,6.295901e-07,-1.918993e-06,7.174209e-07,-1.958094e-06,8.862527e-07,-1.933120e-06,9.371523e-07,-1.854366e-06,9.957704e-07,-1.702158e-06,8.743440e-07,-1.539297e-06,6.067069e-07,-1.356135e-06,1.785262e-05,-8.926231e-06,6.730280e-06,-5.735027e-06,3.356233e-06,-4.190919e-06,2.226253e-06,-3.232925e-06,1.520085e-06,-2.777656e-06,1.169007e-06,-2.503578e-06,9.362854e-07,-2.178807e-06,6.544271e-07,-1.930531e-06,3.233821e-07,-1.738018e-06,1.009533e-07,-1.284952e-06
3.249001e-07,2.738870e-07,2.793516e-07,3.833936e-07,1.941064e-07,4.928876e-07,1.152942e-07,5.052405e-07,2.340903e-08,5.197094e-07,-2.854980e-08,5.013586e-07,-5.879234e-08,4.488875e-07,-9.580327e-08,4.045358e-07,-1.302304e-07,3.655100e-07,-1.445271e-07,2.819713e-07,-1.239378e-07,2.861802e-07,-1.027103e-07,2.921530e-07,-9.596348e-08,2.994133e-07,-7.485530e-08,2.980790e-07,-5.118524e-08,2.891593e-07,-1.323070e-08,2.773638e-07,4.407533e-08,2.654063e-07,1.003073e-07,2.595796e-07,1.734112e-07,2.676484e-07,1.711185e-10,8.926444e-06,6.721163e-07,3.002904e-06,6.318597e-07,1.720351e-06,4.147802e-07,1.027200e-06,3.283977e-07,8.028367e-07,2.544722e-07,6.461331e-07,2.000541e-07,5.073424e-07,1.907634e-07,4.263430e-07,1.976722e-07,3.696886e-07,1.903750e-07,2.747321e-07
-6.388805e-02,-3.547155e-02,-6.648998e-02,-5.200113e-02,-5.935488e-02,-7.474599e-02,-5.049703e-02,-8.383108e-02,-3.469436e-02,-9.523357e-02,-2.273956e-02,-1.018540e-01,-1.268844e-02,-9.991621e-02,6.298231e-04,-9.713012e-02,1.519098e-02,-9.345751e-02,2.453870e-02,-7.498110e-02,1.979862e-02,-7.988218e-02,2.115778e-02,-8.535002e-02,2.988380e-02,-9.069846e-02,3.598445e-02,-9.296287e-02,4.676470e-02,-9.206376e-02,5.174054e-02,-8.831405e-02,5.823231e-02,-8.045982e-02,5.458125e-02,-7.166577e-02,4.368710e-02,-6.095668e-02,9.997695e-01,2.844907e-06,4.145388e-01,-1.530054e-01,2.233356e-01,-1.383566e-01,1.478996e-01,-1.235242e-01,1.035162e-01,-1.105929e-01,7.971578e-02,-1.040196e-01,6.363578e-02,-9.360437e-02,4.733117e-02,-8.423661e-02,2.917924e-02,-7.662827e-02,1.631437e-02,-5.657365e-02
3.638908e-02,3.067557e-02,3.128760e-02,4.294037e-02,2.174007e-02,5.520372e-02,1.291303e-02,5.658721e-02,2.621843e-03,5.820767e-02,-3.197568e-03,5.615230e-02,-6.584736e-03,5.027546e-02,-1.072995e-02,4.530800e-02,-1.458576e-02,4.093705e-02,-1.618696e-02,3.158069e-02,-1.388087e-02,3.205206e-02,-1.150328e-02,3.272100e-02,-1.074750e-02,3.353414e-02,-8.383282e-03,3.338471e-02,-5.732047e-03,3.238571e-02,-1.481021e-03,3.106465e-02,4.937467e-03,2.972549e-02,1.123551e-02,2.907299e-02,1.942322e-02,2.997684e-02,2.844907e-06,9.997825e-01,7.527539e-02,3.363336e-01,7.077037e-02,1.926833e-01,4.645765e-02,1.150487e-01,3.678262e-02,8.991923e-02,2.850262e-02,7.236791e-02,2.240748e-02,5.682299e-02,2.136672e-02,4.775088e-02,2.214032e-02,4.140550e-02,2.132287e-02,3.077030e-02
-1.092444e-01,-5.332335e-02,-1.182698e-01,-7.929468e-02,-1.100002e-01,-1.181384e-01,-9.766005e-02,-1.359358e-01,-7.182135e-02,-1.583714e-01,-5.089912e-02,-1.734462e-01,-3.222168e-02,-1.733524e-01,-7.271334e-03,-1.708302e-01,2.046790e-02,-1.660469e-01,3.888622e-02,-1.339173e-01,2.992646e-02,-1.437825e-01,3.386401e-02,-1.547845e-01,5.197736e-02,-1.654604e-01,6.600130e-02,-1.704854e-01,8.965722e-02,-1.695519e-01,1.027987e-01,-1.629651e-01,1.202943e-01,-1.479202e-01,1.172232e-01,-1.303748e-01,1.001659e-01,-1.078907e-01,6.518832e-01,4.882774e-02,9.998462e-01,-1.572269e-05,5.450473e-01,-1.401833e-01,3.451569e-01,-1.847489e-01,2.384801e-01,-1.740360e-01,1.814662e-01,-1.711253e-01,1.437198e-01,-1.590556e-01,1.093276e-01,-1.450789e-01,7.245222e-02,-1.332107e-01,4.552856e-02,-9.836593e-02
9.137925e-02,6.902032e-02,8.330234e-02,9.706169e-02,6.323766e-02,1.271092e-01,4.370625e-02,1.323895e-01,1.908470e-02,1.384876e-01,4.096390e-03,1.361636e-01,-5.671748e-03,1.240146e-01,-1.759830e-02,1.131903e-01,-2.918748e-02,1.032655e-01,-3.493866e-02,7.990194e-02,-2.728593e-02,8.206847e-02,-2.161339e-02,8.502418e-02,-2.095377e-02,8.822450e-02,-1.721493e-02,8.893634e-02,-1.302019e-02,8.717291e-02,-5.268054e-03,8.416348e-02,7.715601e-03,8.039192e-02,2.139580e-02,7.777899e-02,4.109027e-02,7.846583e-02,-3.119148e-01,4.886617e-01,-1.572269e-05,9.998510e-01,1.221995e-01,5.113636e-01,8.502935e-02,2.963677e-01,7.243626e-02,2.282796e-01,5.695578e-02,1.837732e-01,4.478019e-02,1.450973e-01,4.439287e-02,1.225006e-01,4.853465e-02,1.068631e-01,4.836414e-02,7.961961e-02
-1.404951e-01,-5.960859e-02,-1.578119e-01,-8.999130e-02,-1.523369e-01,-1.396092e-01,-1.404006e-01,-1.651370e-01,-1.090769e-01,-1.976851e-01,-8.181073e-02,-2.220460e-01,-5.595075e-02,-2.263109e-01,-2.095634e-02,-2.261905e-01,1.863043e-02,-2.221442e-01,4.568954e-02,-1.800880e-01,3.294870e-02,-1.948349e-01,4.015831e-02,-2.112870e-01,6.775473e-02,-2.272046e-01,9.068000e-02,-2.354231e-01,1.284668e-01,-2.353109e-01,1.521394e-01,-2.268816e-01,1.843762e-01,-2.054580e-01,1.857631e-01,-1.793421e-01,1.668705e-01,-1.441611e-01,4.813447e-01,6.580799e-02,7.474489e-01,1.233172e-01,9.998787e-01,-2.135364e-05,6.085874e-01,-1.856943e-01,4.093246e-01,-1.952441e-01,3.054103e-01,-2.071858e-01,2.388049e-01,-2.020826e-01,1.838744e-01,-1.875599e-01,1.273923e-01,-1.741520e-01,8.521619e-02,-1.287547e-01
1.564549e-01,1.045328e-01,1.508271e-01,1.477640e-01,1.234175e-01,1.979449e-01,9.476998e-02,2.101656e-01,5.486052e-02,2.243106e-01,2.857104e-02,2.254863e-01,9.584034e-03,2.093736e-01,-1.364949e-02,1.938096e-01,-3.703372e-02,1.786820e-01,-5.005071e-02,1.387248e-01,-3.365978e-02,1.442353e-01,-2.450188e-02,1.516078e-01,-2.561801e-02,1.591986e-01,-2.308191e-02,1.623919e-01,-2.022659e-02,1.607392e-01,-1.202458e-02,1.561724e-01,4.916243e-03,1.490108e-01,2.488823e-02,1.428169e-01,5.790495e-02,1.413477e-01,-3.315575e-01,3.173744e-01,-2.287855e-01,5.538224e-01,-2.135364e-05,9.998711e-01,5.468655e-02,5.583308e-01,8.574855e-02,4.119772e-01,7.424232e-02,3.275066e-01,5.909367e-02,2.581915e-01,6.190502e-02,2.177840e-01,7.254270e-02,1.905541e-01,7.523476e-02,1.420977e-01
-1.604347e-01,-5.860188e-02,-1.863346e-01,-8.985106e-02,-1.859211e-01,-1.457285e-01,-1.770922e-01,-1.773611e-01,-1.440493e-01,-2.183832e-01,-1.129813e-01,-2.518409e-01,-8.160592e-02,-2.619187e-01,-3.833608e-02,-2.656116e-01,1.155046e-02,-2.636166e-01,4.653459e-02,-2.147794e-01,3.037336e-02,-2.341174e-01,4.100283e-02,-2.557300e-01,7.745361e-02,-2.766931e-01,1.093779e-01,-2.885386e-01,1.616759e-01,-2.902750e-01,1.976448e-01,-2.813656e-01,2.482663e-01,-2.548480e-01,2.586607e-01,-2.206672e-01,2.433651e-01,-1.717703e-01,4.071394e-01,4.120563e-02,6.024205e-01,9.074648e-02,7.804900e-01,5.081477e-02,9.998959e-01,-2.278022e-05,6.512016e-01,-1.408546e-01,4.672136e-01,-2.028751e-01,3.545432e-01,-2.224628e-01,2.731874e-01,-2.131209e-01,1.948052e-01,-2.011087e-01,1.354872e-01,-1.493595e-01
2.219739e-01,1.343127e-01,2.225115e-01,1.906309e-01,1.910273e-01,2.604269e-01,1.556310e-01,2.810721e-01,1.015111e-01,3.051617e-01,6.358617e-02,3.124504e-01,3.421035e-02,2.946735e-01,-1.864344e-03,2.758232e-01,-3.896235e-02,2.563777e-01,-6.090925e-02,1.996016e-01,-3.420945e-02,2.094019e-01,-2.190579e-02,2.223771e-01,-2.604297e-02,2.354444e-01,-2.667238e-02,2.420839e-01,-2.737092e-02,2.411449e-01,-2.114344e-02,2.351610e-01,-2.432406e-03,2.240575e-01,2.285378e-02,2.132852e-01,7.019780e-02,2.085614e-01,-3.690774e-01,2.368335e-01,-3.632439e-01,3.798560e-01,-2.750111e-01,6.476598e-01,-2.278022e-05,9.998968e-01,1.066205e-01,6.499349e-01,9.474111e-02,4.940646e-01,7.150815e-02,3.821501e-01,7.648795e-02,3.202245e-01,9.421676e-02,2.802068e-01,1.005309e-01,2.087300e-01
-1.722505e-01,-5.453288e-02,-2.055665e-01,-8.476033e-02,-2.106753e-01,-1.435679e-01,-2.061585e-01,-1.792981e-01,-1.739908e-01,-2.265596e-01,-1.413449e-01,-2.678184e-01,-1.062588e-01,-2.839064e-01,-5.666864e-02,-2.919232e-01,1.672573e-03,-2.926318e-01,4.348363e-02,-2.394872e-01,2.426989e-02,-2.628560e-01,3.790696e-02,-2.890554e-01,8.181918e-02,-3.146648e-01,1.218374e-01,-3.304419e-01,1.879565e-01,-3.350886e-01,2.370991e-01,-3.273253e-01,3.093694e-01,-2.974527e-01,3.338335e-01,-2.561011e-01,3.288669e-01,-1.924210e-01,3.728347e-01,2.132652e-02,5.305620e-01,6.221871e-02,6.632428e-01,6.224742e-02,8.325873e-01,8.130245e-02,9.999076e-01,-2.738052e-05,6.801956e-01,-1.504772e-01,4.963452e-01,-2.189898e-01,3.794225e-01,-2.224263e-01,2.754520e-01,-2.151943e-01,1.964116e-01,-1.614689e-01
2.888859e-01,1.563758e-01,3.009788e-01,2.225742e-01,2.704568e-01,3.107209e-01,2.324477e-01,3.413245e-01,1.665779e-01,3.777032e-01,1.171782e-01,3.950272e-01,7.591867e-02,3.793588e-01,2.459120e-02,3.597153e-01,-2.953229e-02,3.374691e-01,-6.332236e-02,2.634406e-01,-2.294289e-02,2.791538e-01,-7.341335e-03,2.998657e-01,-1.565984e-02,3.205457e-01,-2.204137e-02,3.329740e-01,-2.947371e-02,3.349198e-01,-2.984190e-02,3.292715e-01,-1.511062e-02,3.146972e-01,1.038257e-02,2.981764e-01,7.093891e-02,2.874830e-01,-3.905034e-01,2.094493e-01,-4.094400e-01,3.211882e-01,-3.587629e-01,5.126940e-01,-2.459647e-01,6.691689e-01,-2.738052e-05,9.999079e-01,7.659194e-02,7.005962e-01,6.365522e-02,5.315513e-01,7.763820e-02,4.402209e-01,1.070677e-01,3.842239e-01,1.202124e-01,2.859644e-01
-1.784278e-01,-4.986069e-02,-2.173344e-01,-7.834570e-02,-2.272633e-01,-1.379208e-01,-2.270216e-01,-1.759262e-01,-1.970666e-01,-2.271094e-01,-1.644668e-01,-2.741538e-01,-1.273625e-01,-2.954110e-01,-7.349446e-02,-3.074181e-01,-8.843790e-03,-3.108310e-01,3.830542e-02,-2.552805e-01,1.639030e-02,-2.818406e-01,3.210736e-02,-3.117517e-01,8.132835e-02,-3.413288e-01,1.274791e-01,-3.610932e-01,2.052884e-01,-3.696303e-01,2.670158e-01,-3.649486e-01,3.634347e-01,-3.342764e-01,4.078148e-01,-2.876328e-01,4.236831e-01,-2.080807e-01,3.595168e-01,7.361260e-03,4.986636e-01,4.042455e-02,6.075131e-01,4.473598e-02,7.346087e-01,6.408842e-02,8.573531e-01,7.092910e-02,9.999171e-01,-2.715405e-05,6.885774e-01,-1.759663e-01,5.137832e-01,-2.113156e-01,3.751777e-01,-2.150155e-01,2.712773e-01,-1.655481e-01
3.535988e-01,1.730338e-01,3.798683e-01,2.465303e-01,3.534872e-01,3.508897e-01,3.160057e-01,3.913519e-01,2.412221e-01,4.403926e-01,1.816344e-01,4.696382e-01,1.284512e-01,4.585920e-01,6.112274e-02,4.400398e-01,-1.152588e-02,4.162753e-01,-5.868103e-02,3.255935e-01,-2.467622e-03,3.480863e-01,1.687239e-02,3.777384e-01,4.472491e-03,4.073746e-01,-8.586513e-03,4.275096e-01,-2.410973e-02,4.346853e-01,-3.419112e-02,4.319458e-01,-2.863046e-02,4.158354e-01,-8.933135e-03,3.939240e-01,6.171697e-02,3.756180e-01,-4.233636e-01,1.974797e-01,-4.610372e-01,2.942664e-01,-4.318036e-01,4.559566e-01,-3.717056e-01,5.563513e-01,-2.245071e-01,7.291531e-01,-2.715405e-05,9.999198e-01,2.476581e-02,7.100509e-01,6.266879e-02,5.764357e-01,1.108392e-01,4.994196e-01,1.341470e-01,3.714100e-01
-1.811102e-01,-4.579934e-02,-2.238000e-01,-7.252480e-02,-2.373691e-01,-1.317188e-01,-2.406372e-01,-1.707005e-01,-2.131706e-01,-2.239275e-01,-1.814578e-01,-2.746844e-01,-1.435752e-01,-2.997392e-01,-8.720752e-02,-3.148407e-01,-1.836626e-02,-3.204581e-01,3.249768e-02,-2.637995e-01,8.199939e-03,-2.925866e-01,2.485384e-02,-3.251820e-01,7.695754e-02,-3.578251e-01,1.267200e-01,-3.812555e-01,2.128270e-01,-3.942051e-01,2.845438e-01,-3.943485e-01,4.052586e-01,-3.660068e-01,4.739044e-01,-3.175811e-01,5.276725e-01,-2.212015e-01,3.551503e-01,-1.941424e-03,4.849202e-01,2.536970e-02,5.809586e-01,2.581759e-02,6.829124e-01,3.632383e-02,7.718583e-01,4.746806e-02,8.674476e-01,1.208623e-02,9.999259e-01,-2.531019e-05,7.013588e-01,-1.592875e-01,5.081813e-01,-1.930198e-01,3.683804e-01,-1.601405e-01
4.161413e-01,1.866792e-01,4.576836e-01,2.658752e-01,4.371150e-01,3.847241e-01,4.020500e-01,4.344559e-01,3.204692e-01,4.957187e-01,2.520296e-01,5.374758e-01,1.874204e-01,5.323907e-01,1.040996e-01,5.160690e-01,1.235574e-02,4.916289e-01,-4.889144e-02,3.849991e-01,2.463603e-02,4.146835e-01,4.837889e-02,4.539276e-01,3.264269e-02,4.933852e-01,1.293915e-02,5.227808e-01,-1.119762e-02,5.374319e-01,-3.358874e-02,5.403163e-01,-4.264134e-02,5.248486e-01,-3.585144e-02,4.977350e-01,4.483261e-02,4.709494e-01,-4.633162e-01,1.910863e-01,-5.194666e-01,2.786043e-01,-5.080138e-01,4.266934e-01,-4.784146e-01,5.041877e-01,-3.802054e-01,6.294855e-01,-2.601759e-01,7.817975e-01,-2.531019e-05,9.999337e-01,4.618425e-02,7.441170e-01,1.155024e-01,6.301792e-01,1.486354e-01,4.656628e-01
-1.818151e-01,-4.317183e-02,-2.265283e-01,-6.864794e-02,-2.422310e-01,-1.271377e-01,-2.476878e-01,-1.663045e-01,-2.220914e-01,-2.202033e-01,-1.913598e-01,-2.727096e-01,-1.534478e-01,-2.998459e-01,-9.605446e-02,-3.167121e-01,-2.510906e-02,-3.236194e-01,2.771684e-02,-2.666442e-01,1.549426e-03,-2.965884e-01,1.803494e-02,-3.306709e-01,7.061655e-02,-3.651775e-01,1.211625e-01,-3.913653e-01,2.108853e-01,-4.083961e-01,2.873457e-01,-4.143972e-01,4.281841e-01,-3.918099e-01,5.202240e-01,-3.477466e-01,6.352868e-01,-2.362424e-01,3.542073e-01,-7.123542e-03,4.796592e-01,1.689455e-02,5.694902e-01,1.389048e-02,6.598220e-01,1.930082e-02,7.321241e-01,2.868428e-02,8.037199e-01,4.595415e-03,8.889779e-01,-2.500748e-03,9.999317e-01,-2.630534e-05,7.064069e-01,-1.272928e-01,5.057369e-01,-1.399156e-01
4.765402e-01,1.977113e-01,5.341637e-01,2.811518e-01,5.207549e-01,4.127451e-01,4.896751e-01,4.709776e-01,4.032484e-01,5.435959e-01,3.273554e-01,5.978157e-01,2.520645e-01,5.994415e-01,1.532010e-01,5.859854e-01,4.235812e-02,5.612993e-01,-3.321329e-02,4.395135e-01,5.970980e-02,4.764432e-01,8.965192e-02,5.256154e-01,7.324806e-02,5.755371e-01,4.913932e-02,6.160180e-01,1.936770e-02,6.415268e-01,-1.436406e-02,6.555813e-01,-4.255820e-02,6.479989e-01,-6.079034e-02,6.216857e-01,9.726154e-03,5.841475e-01,-5.074875e-01,1.900453e-01,-5.800949e-01,2.729439e-01,-5.813046e-01,4.164273e-01,-5.667003e-01,4.864490e-01,-4.878985e-01,5.922179e-01,-4.042728e-01,7.094631e-01,-2.875816e-01,7.977712e-01,-2.630534e-05,9.999431e-01,1.116377e-01,7.945212e-01,1.585079e-01,5.798209e-01
-1.817214e-01,-4.204943e-02,-2.271307e-01,-6.695398e-02,-2.436427e-01,-1.249733e-01,-2.499664e-01,-1.640580e-01,-2.252212e-01,-2.179815e-01,-1.950191e-01,-2.709374e-01,-1.572506e-01,-2.987491e-01,-9.967068e-02,-3.161800e-01,-2.815251e-02,-3.234778e-01,2.523862e-02,-2.665070e-01,-1.953063e-03,-2.967580e-01,1.395172e-02,-3.312966e-01,6.579540e-02,-3.664549e-01,1.154620e-01,-3.939422e-01,2.049124e-01,-4.133518e-01,2.800859e-01,-4.239755e-01,4.325285e-01,-4.078202e-01,5.364247e-01,-3.740278e-01,7.386557e-01,-2.522448e-01,3.543997e-01,-9.232416e-03,4.783771e-01,1.335430e-02,5.658937e-01,8.514485e-03,6.516654e-01,1.137325e-02,7.169599e-01,1.889292e-02,7.778125e-01,-1.763348e-03,8.460823e-01,-3.178458e-03,9.458590e-01,3.183626e-02,9.999375e-01,-2.790774e-05,6.992074e-01,-9.777778e-02
5.347616e-01,2.079566e-01,6.080542e-01,2.950647e-01,6.018008e-01,4.382385e-01,5.748802e-01,5.041433e-01,4.843356e-01,5.868706e-01,4.017608e-01,6.523986e-01,3.165489e-01,6.601191e-01,2.032147e-01,6.489610e-01,7.455182e-02,6.235152e-01,-1.432844e-02,4.873703e-01,9.933380e-02,5.308225e-01,1.377743e-01,5.892962e-01,1.247938e-01,6.491908e-01,1.007512e-01,7.012927e-01,7.363198e-02,7.398617e-01,3.843131e-02,7.710576e-01,9.879950e-04,7.837561e-01,-2.840148e-02,7.822969e-01,-1.758384e-02,7.536609e-01,-5.553483e-01,1.902609e-01,-6.453202e-01,2.700494e-01,-6.590315e-01,4.133438e-01,-6.568722e-01,4.818475e-01,-5.894533e-01,5.812059e-01,-5.210236e-01,6.874775e-01,-4.409639e-01,7.425123e-01,-2.848295e-01,8.221014e-01,-2.790774e-05,9.999502e-01,1.197760e-01,7.343716e-01
-1.816540e-01,-4.182468e-02,-2.271820e-01,-6.661003e-02,-2.438434e-01,-1.245139e-01,-2.503324e-01,-1.635619e-01,-2.257643e-01,-2.174572e-01,-1.956822e-01,-2.704651e-01,-1.579618e-01,-2.983843e-01,-1.003763e-01,-3.159026e-01,-2.878603e-02,-3.232550e-01,2.468157e-02,-2.663007e-01,-2.750683e-03,-2.965874e-01,1.296182e-02,-3.311926e-01,6.451610e-02,-3.664618e-01,1.138076e-01,-3.942330e-01,2.029326e-01,-4.142309e-01,2.772211e-01,-4.261802e-01,4.332081e-01,-4.120228e-01,5.419578e-01,-3.812573e-01,7.995765e-01,-2.507625e-01,3.545084e-01,-9.635318e-03,4.782423e-01,1.266923e-02,5.653500e-01,7.422624e-03,6.503070e-01,9.754914e-03,7.142881e-01,1.673891e-02,7.730433e-01,-3.751693e-03,8.373911e-01,-5.283181e-03,9.307494e-01,3.106556e-02,9.864336e-01,2.751756e-02,9.999432e-01,-2.720726e-05
5.920498e-01,2.190366e-01,6.800598e-01,3.101532e-01,6.800734e-01,4.648519e-01,6.564307e-01,5.381181e-01,5.611673e-01,6.302931e-01,4.716795e-01,7.060167e-01,3.767387e-01,7.187176e-01,2.496838e-01,7.088419e-01,1.045578e-01,6.817960e-01,3.618813e-03,5.316263e-01,1.378078e-01,5.807978e-01,1.856758e-01,6.476496e-01,1.781794e-01,7.164302e-01,1.568437e-01,7.790679e-01,1.388241e-01,8.297579e-01,1.132651e-01,8.791966e-01,8.309556e-02,9.181922e-01,9.234876e-02,9.705103e-01,6.089942e-02,1.001436e+00,-6.045619e-01,1.888776e-01,-7.137399e-01,2.647380e-01,-7.421824e-01,4.076984e-01,-7.560582e-01,4.742946e-01,-7.040885e-01,5.695739e-01,-6.547462e-01,6.739608e-01,-6.071053e-01,7.160801e-01,-5.210773e-01,7.555418e-01,-3.306946e-01,8.791046e-01,-2.720726e-05,9.999623e-01
